"","Gene11","Gene13","Gene14","Gene15","Gene16","Gene17","Gene18","Gene19","Gene20","Gene21","Gene22","Gene33","Gene34","Gene35","Gene42","Gene43","Gene82","Gene85","Gene87","Gene88","Gene89","Gene90","Gene92","Gene94","Gene95","Gene96","Gene97","Gene98","Gene117","Gene121","Gene122","Gene125","Gene139","Gene140","Gene143","Gene147","Gene152","Gene155","Gene161","Gene165","Gene192","Gene194","Gene233","Gene272","Gene351","Gene414","Gene425","Gene586","Gene602","Gene614","Gene629","Gene659","Gene697","Gene791","Gene819","Gene826","Gene829","Gene966","Gene1000","Gene1026","Gene1076","Gene1107","Gene1111","Gene1139","Gene1171","Gene1206","Gene1374","Gene1429","Gene1431","Gene1439","Gene1492","Gene1509","Gene1607","Gene1628","Gene1657","Gene1695","Gene1714","Gene1753","Gene1755","Gene1829","Gene1873","Gene1902","Gene1939","Gene1941"
"Cell1",0,52,0,15,3,51,0,0,2,10,62,61,0,4,34,7,33,9,3,26,9,25,3,0,5,28,39,80,0,5,3,9,0,6,1,18,12,8,1,42,47,2,0,51,2,31,132,7,22,43,18,4,6,282,36,134,0,48,0,6,29,68,0,4,12,28,0,3,5,3,19,53,47,0,35,74,3,47,8,8,1,0,27,32
"Cell2",0,49,1,10,7,26,0,0,1,28,25,36,0,8,19,2,50,3,0,15,10,41,6,1,0,16,32,50,0,7,0,17,0,7,0,9,8,1,0,62,47,6,2,21,6,30,131,4,4,43,16,0,5,237,22,104,0,45,0,13,42,102,0,1,4,29,0,7,3,4,5,94,47,0,35,56,10,40,1,7,11,1,13,14
"Cell3",0,31,0,14,3,35,0,0,2,27,56,36,0,4,39,13,26,2,2,30,3,18,0,2,3,35,27,50,0,5,0,1,0,6,1,5,1,0,0,33,46,2,0,37,5,25,121,2,4,58,8,1,6,197,14,108,0,47,0,8,32,54,3,0,12,39,0,1,4,0,4,72,36,0,18,50,14,39,3,7,3,0,7,27
"Cell4",0,38,0,8,1,24,0,0,0,20,30,29,0,3,23,17,15,4,4,14,8,21,5,2,0,30,24,51,0,5,1,7,2,6,2,13,6,1,0,35,35,1,0,24,0,37,130,0,6,33,12,7,1,289,24,83,0,34,0,1,20,51,1,0,5,21,1,10,1,1,5,52,40,0,23,37,16,38,0,6,3,0,5,31
"Cell5",0,74,0,27,8,37,1,0,1,36,80,69,0,5,27,23,51,8,0,46,9,28,5,3,2,45,59,114,0,5,0,6,1,14,3,9,6,2,0,69,50,3,1,58,10,40,235,3,10,86,20,2,5,450,29,181,0,85,2,20,67,83,1,3,9,24,0,4,3,0,7,74,79,0,30,111,23,38,0,36,3,2,10,35
"Cell6",0,20,4,25,1,28,0,0,10,16,43,55,0,9,28,5,37,0,2,39,8,5,2,1,1,30,25,16,0,9,2,4,0,6,0,8,3,3,0,38,23,5,0,29,6,21,141,5,3,77,14,1,4,236,19,102,0,52,0,6,27,58,3,2,11,19,0,12,3,0,4,73,67,0,13,51,11,26,0,11,8,2,15,9
"Cell7",0,52,1,17,9,57,3,0,0,30,54,58,0,7,31,6,53,0,9,18,2,24,5,2,2,18,20,71,0,11,0,12,0,12,0,8,2,0,0,52,84,2,0,32,1,40,164,0,12,52,11,10,0,306,31,141,0,42,2,13,25,101,7,1,6,31,0,11,8,3,5,52,30,0,37,70,48,47,0,6,2,1,15,12
"Cell8",0,30,0,10,3,22,0,0,10,16,65,53,0,2,36,12,33,2,3,10,1,16,4,0,0,12,19,52,0,15,0,11,0,9,0,13,1,5,0,28,35,4,0,28,1,29,138,4,4,75,5,11,10,192,14,101,0,31,0,3,15,38,2,0,7,38,0,0,9,3,0,51,23,0,47,50,23,16,2,3,7,2,11,25
"Cell9",0,65,1,28,6,28,0,0,0,18,53,50,0,7,23,18,43,2,1,14,8,14,3,0,1,23,33,49,0,11,2,18,0,18,1,5,2,2,0,68,60,5,0,39,1,23,147,4,4,62,9,9,2,240,22,76,0,73,0,14,34,71,1,1,11,25,0,3,0,5,3,67,53,0,32,50,9,14,4,11,2,1,15,15
"Cell10",0,17,1,19,2,32,0,0,2,23,56,44,0,4,13,9,50,1,0,21,9,16,2,7,0,36,35,94,0,9,0,17,4,2,1,7,1,2,0,40,92,3,0,60,6,47,206,3,4,87,25,10,5,372,26,114,0,75,0,3,46,46,1,2,7,40,0,3,1,5,10,49,37,0,39,64,14,42,0,12,4,1,15,16
"Cell11",0,49,1,5,1,25,0,0,12,16,23,35,0,5,24,4,14,3,7,19,4,21,2,0,1,23,56,92,0,7,0,6,2,11,0,1,6,3,0,26,47,6,0,33,0,48,136,12,2,63,12,14,5,292,37,126,1,61,0,5,28,40,2,0,9,28,0,1,4,2,4,56,45,0,20,79,20,37,1,6,1,0,6,28
"Cell12",0,41,2,9,7,28,6,0,6,17,58,39,0,5,35,2,41,6,3,20,14,13,5,5,2,27,27,69,0,35,0,13,2,8,2,11,6,0,0,71,93,2,0,22,6,16,166,8,7,45,6,3,1,385,28,136,0,66,0,3,25,82,0,2,10,24,0,3,8,2,21,135,64,4,40,81,25,62,2,15,1,1,17,46
"Cell13",0,48,1,16,4,29,1,0,2,26,63,73,0,13,16,7,43,6,4,39,16,32,8,1,3,44,45,115,0,12,0,10,0,6,0,12,1,9,0,82,97,4,3,39,3,42,147,0,11,92,24,5,0,436,56,126,0,108,0,4,29,88,4,12,13,55,0,4,8,1,12,75,76,0,52,49,20,60,0,10,12,0,9,35
"Cell14",0,65,0,19,3,24,7,0,4,13,35,49,1,1,25,15,33,1,2,33,3,16,0,4,1,46,12,66,1,14,0,15,4,11,0,6,9,1,0,64,70,2,0,49,5,14,184,2,3,66,8,15,4,365,12,128,8,51,0,10,19,50,0,0,11,41,0,14,2,0,14,95,30,0,34,76,19,24,4,7,7,0,12,13
"Cell15",0,47,0,15,2,14,2,0,6,33,47,39,1,4,20,8,41,0,3,12,2,10,8,0,5,16,30,41,0,9,0,3,1,0,0,11,4,0,0,50,29,9,0,30,5,26,161,6,4,47,27,4,8,272,15,144,2,57,0,10,25,64,3,5,8,24,0,3,1,3,6,58,60,0,29,60,5,37,4,7,5,2,8,27
"Cell16",0,51,3,27,2,33,0,0,9,21,49,56,0,3,35,11,39,1,2,20,17,15,7,2,2,24,24,33,0,12,0,13,0,7,0,7,7,5,2,37,69,7,0,49,1,25,139,4,5,65,10,6,9,318,21,166,0,61,0,5,33,77,1,0,7,27,0,8,1,1,11,64,49,0,32,66,20,49,1,4,1,0,10,37
"Cell17",0,42,9,22,2,23,1,0,4,21,54,33,1,3,24,9,49,2,1,20,14,22,2,8,2,24,28,73,0,10,0,6,0,8,1,12,5,3,0,36,54,1,1,29,6,21,167,2,8,73,17,2,5,252,8,96,0,74,0,6,46,83,1,2,1,37,0,1,2,5,9,53,43,0,39,49,16,30,0,19,3,0,6,21
"Cell18",0,54,1,10,2,54,2,0,2,16,46,62,2,3,15,4,18,0,3,33,3,25,1,1,1,18,25,46,0,9,0,11,0,4,0,6,2,1,1,37,33,2,0,40,1,15,150,3,4,39,27,1,5,305,29,116,0,75,0,9,19,38,2,4,9,25,0,5,0,8,11,59,32,0,48,51,19,31,1,15,11,0,19,22
"Cell19",0,23,0,15,5,30,0,0,0,18,37,32,0,1,10,5,25,1,4,7,6,16,1,3,3,13,41,44,0,2,0,5,1,9,0,4,3,1,0,16,40,3,0,22,2,17,115,0,1,53,5,4,2,185,15,58,0,39,0,8,10,72,1,0,3,10,0,4,1,1,3,46,32,0,11,18,18,30,1,6,4,0,4,19
"Cell20",0,38,0,11,4,36,1,0,4,23,33,39,0,1,28,17,29,7,2,21,7,20,0,1,2,25,32,43,0,9,1,10,0,3,0,10,5,2,1,42,68,1,0,38,9,10,115,7,4,49,5,3,0,247,32,99,0,64,0,12,34,53,1,4,9,22,0,13,5,3,10,60,52,0,27,57,9,40,0,7,5,1,29,21
"Cell21",0,33,0,29,6,20,0,0,2,22,51,50,0,8,16,4,33,2,5,20,3,9,0,1,3,19,26,63,0,6,0,4,1,3,2,23,7,4,0,47,84,13,0,35,3,30,119,3,1,65,10,1,5,159,21,84,0,49,1,2,22,68,3,0,7,24,0,3,3,3,4,43,42,1,31,73,9,31,4,7,1,1,16,24
"Cell22",0,63,0,22,0,37,0,0,0,23,67,43,0,8,29,14,49,0,5,35,5,23,2,1,0,23,31,54,0,21,0,17,2,6,3,5,0,0,0,61,52,1,0,45,7,25,129,2,12,65,6,1,11,257,18,106,0,67,0,6,29,87,3,5,9,19,0,17,3,6,3,54,68,0,21,41,18,38,1,9,7,2,25,15
"Cell23",0,40,0,21,9,49,0,0,6,12,59,39,1,6,29,10,43,0,1,27,4,16,7,4,2,27,23,63,0,2,1,7,0,3,1,6,1,6,0,30,72,4,0,39,6,19,177,2,8,60,21,4,10,288,32,104,0,66,0,6,30,78,6,1,10,35,0,3,5,6,10,74,74,0,31,82,14,30,0,5,1,3,12,28
"Cell24",0,38,3,19,2,34,1,0,3,17,100,85,0,3,25,8,42,3,11,31,7,43,6,8,3,33,19,85,0,4,0,10,4,3,1,6,1,5,0,66,60,10,0,50,2,29,174,1,12,114,30,2,9,345,36,143,0,132,0,9,30,101,3,0,9,46,0,4,3,8,8,78,77,1,33,66,13,29,1,7,1,2,16,41
"Cell25",0,44,1,14,8,46,1,0,0,23,69,85,0,10,25,9,40,3,3,20,8,12,1,1,2,30,32,79,0,4,0,20,3,13,2,7,4,1,0,77,47,4,0,20,7,27,182,2,6,54,13,8,7,258,37,177,0,75,0,13,39,86,1,0,9,29,0,12,0,5,4,72,77,0,35,48,18,34,0,7,2,1,13,18
"Cell26",0,22,0,21,1,41,2,0,2,37,44,46,4,12,31,12,33,9,3,10,7,12,9,1,1,18,29,45,0,5,0,11,2,16,4,17,3,6,0,46,60,1,0,27,7,28,75,0,6,58,10,7,2,254,18,114,0,58,0,5,32,73,3,2,7,18,0,2,7,2,9,58,43,0,46,50,14,16,3,7,5,1,20,24
"Cell27",0,34,0,20,3,44,1,0,0,29,46,60,0,5,31,6,39,0,4,22,7,31,6,4,0,28,44,83,0,4,0,10,0,10,0,11,5,2,0,67,80,4,0,34,0,24,133,1,0,83,15,4,10,252,39,95,0,74,0,2,23,72,5,1,17,28,0,6,5,7,9,153,51,0,40,97,14,57,5,3,9,2,14,38
"Cell28",0,40,0,23,4,46,1,0,1,14,51,61,1,8,35,10,39,0,1,9,3,36,3,1,1,23,65,71,0,6,0,9,2,10,0,5,3,2,0,80,44,3,0,72,6,21,192,0,8,76,23,3,9,300,21,98,0,69,0,20,26,81,0,0,5,26,0,15,7,6,10,54,41,1,37,58,28,31,5,10,4,0,28,19
"Cell29",0,27,0,4,2,17,2,0,4,17,48,34,0,1,15,4,24,1,1,8,2,18,0,0,1,20,44,56,0,6,0,7,0,4,0,8,5,1,0,42,43,12,0,28,2,13,83,0,6,73,7,1,1,189,16,57,0,56,0,11,18,28,2,1,7,20,0,3,1,5,7,59,31,0,13,39,12,13,1,0,6,2,9,30
"Cell30",0,35,0,8,0,37,1,0,1,15,53,33,0,1,23,8,45,3,1,21,10,28,2,3,1,23,22,69,0,5,0,8,0,1,1,1,2,0,1,46,81,5,0,55,2,22,103,0,6,48,12,1,4,175,12,111,0,46,0,5,13,54,3,0,8,22,0,7,1,3,8,28,35,0,32,46,15,19,0,3,2,1,5,17
"Cell31",0,25,1,19,4,19,1,0,8,14,77,64,0,5,59,16,61,3,2,21,5,21,7,2,2,22,34,68,0,15,2,24,0,10,1,11,3,1,0,88,76,6,0,44,12,34,167,3,3,80,8,9,16,393,41,141,0,72,0,6,44,60,5,0,10,37,0,5,6,1,15,103,60,0,42,102,35,67,0,7,3,0,10,46
"Cell32",0,43,0,13,2,36,2,0,2,32,57,37,1,3,18,12,48,1,3,32,1,13,7,7,4,23,29,58,0,6,0,12,0,3,0,5,5,3,0,67,63,4,0,37,2,20,149,1,11,99,16,2,4,324,30,111,2,50,0,7,36,72,8,1,12,33,0,22,0,1,7,44,57,0,21,94,5,21,2,10,1,0,11,26
"Cell33",0,41,1,39,5,56,1,0,4,36,52,44,0,13,28,7,24,4,3,30,14,20,5,1,0,20,15,102,0,16,0,8,0,15,2,7,3,0,0,52,42,6,1,35,1,46,155,2,5,66,15,0,1,314,44,142,0,70,0,7,34,110,5,3,12,43,0,2,3,5,15,64,81,1,30,69,12,54,6,2,5,0,15,27
"Cell34",0,31,0,5,0,7,0,0,1,15,53,42,0,5,7,11,34,0,3,23,7,15,1,2,1,6,23,56,0,3,1,14,3,7,0,4,3,0,0,26,45,1,0,22,10,21,93,3,2,30,10,7,2,166,10,95,0,42,0,6,21,75,2,1,3,10,1,4,4,0,10,37,30,0,20,44,6,21,5,7,0,0,10,32
"Cell35",0,65,0,18,2,48,0,0,5,29,64,69,0,18,49,17,43,1,2,21,5,10,5,0,3,36,37,112,0,11,0,16,0,16,1,12,8,4,2,47,75,6,0,38,12,76,220,5,10,91,16,6,3,370,19,185,0,74,0,8,39,81,2,3,7,27,0,4,2,10,5,93,47,0,33,110,24,44,2,18,1,1,14,36
"Cell36",0,41,0,27,3,21,0,0,2,26,24,31,0,3,43,8,24,3,3,12,7,32,3,4,2,34,41,40,0,10,0,14,0,6,3,7,3,0,0,29,43,1,0,34,3,19,163,3,1,108,12,1,8,172,31,70,1,44,0,8,26,94,2,4,2,21,0,17,0,3,7,40,46,0,18,40,15,42,4,7,1,0,14,33
"Cell37",0,40,0,12,0,34,1,0,2,19,70,50,1,6,17,7,38,6,0,6,6,12,0,2,0,23,25,69,0,16,0,12,1,5,3,11,1,5,1,39,50,2,0,28,11,20,150,5,3,61,8,7,11,287,26,106,1,53,1,30,44,55,1,0,13,38,0,5,2,2,8,41,36,0,24,44,30,23,2,7,10,1,9,19
"Cell38",0,45,2,17,3,43,1,0,2,25,54,38,0,4,41,6,57,1,8,32,5,47,0,2,0,36,19,95,0,8,1,9,3,8,0,9,2,7,0,30,80,6,0,23,0,17,121,0,3,72,19,3,3,320,23,169,0,60,0,15,33,65,1,6,7,31,0,2,4,4,5,77,60,0,43,68,26,38,2,7,0,3,9,30
"Cell39",0,31,0,8,5,22,0,0,0,14,30,61,0,1,30,7,30,4,2,23,1,14,5,3,1,40,24,55,0,5,1,10,1,5,2,6,4,0,0,28,44,2,0,25,4,18,104,1,9,53,12,1,2,255,26,128,0,66,2,8,40,29,0,2,5,20,0,15,1,1,6,81,54,0,53,51,28,51,0,4,3,2,20,15
"Cell40",0,25,0,19,2,44,0,0,0,11,58,10,0,1,15,7,20,2,0,16,11,16,2,4,1,13,15,40,0,10,0,6,0,5,1,2,1,0,0,44,59,2,0,16,7,31,98,0,2,32,3,6,2,249,18,131,0,48,0,4,23,59,0,1,4,9,2,3,3,2,5,42,44,0,20,56,9,24,1,8,14,0,12,20
"Cell41",0,84,8,28,8,49,1,0,3,41,97,78,1,4,19,9,87,0,4,23,2,16,1,2,5,24,59,59,0,15,2,17,2,19,0,7,7,0,0,59,50,6,1,84,3,28,189,3,1,87,12,14,1,347,36,166,0,77,0,10,48,70,3,5,8,21,0,5,6,1,7,79,75,0,63,61,28,51,6,21,9,0,8,17
"Cell42",0,7,1,5,1,28,0,0,2,15,20,31,0,4,14,5,36,2,4,22,3,10,3,1,0,11,25,57,0,7,0,5,5,8,4,5,1,0,0,31,27,6,1,30,4,15,78,0,1,37,3,6,5,149,18,54,0,46,1,1,21,37,1,1,12,13,0,2,0,2,6,37,17,0,27,40,11,21,0,2,0,0,6,8
"Cell43",0,29,1,19,8,25,0,0,10,26,88,43,0,2,34,4,62,2,1,36,10,27,11,2,2,60,28,48,0,4,0,10,2,7,0,19,9,5,0,50,54,13,0,39,0,21,197,3,6,102,4,10,4,336,32,147,0,71,0,24,36,79,3,2,12,33,0,10,9,22,11,74,74,1,47,70,10,42,2,8,6,0,15,34
"Cell44",0,17,1,9,3,22,4,0,4,17,47,42,2,10,25,2,25,0,1,33,5,13,1,1,1,17,14,53,0,6,0,8,1,9,1,5,3,0,0,26,19,0,2,26,0,28,146,1,5,54,13,2,1,164,30,89,0,55,0,7,19,46,1,2,6,24,0,2,4,4,3,56,46,0,30,94,20,39,1,10,2,3,13,14
"Cell45",0,41,3,22,2,18,0,0,9,16,34,57,0,4,26,12,46,0,1,36,13,17,5,1,4,29,44,102,0,5,1,5,0,13,0,13,11,2,0,49,98,6,0,42,8,55,176,4,2,64,8,2,16,199,37,120,0,69,0,11,19,83,5,3,9,30,0,9,6,10,11,58,89,0,36,70,12,71,2,15,4,1,7,38
"Cell46",0,62,1,17,8,58,3,0,4,18,62,87,3,10,61,16,59,2,5,8,5,10,6,3,2,39,48,94,0,5,0,21,1,6,5,7,4,6,0,45,73,9,1,41,3,48,242,3,5,70,14,8,6,361,52,151,1,98,0,9,24,100,7,0,12,40,0,28,6,2,9,93,74,0,45,88,19,55,2,4,3,3,40,32
"Cell47",0,46,0,20,1,52,1,0,8,26,77,84,1,12,28,23,63,1,2,19,7,17,14,1,2,32,40,87,2,14,0,10,2,4,2,5,1,5,0,62,42,7,0,76,1,34,193,8,7,99,12,4,3,400,20,185,1,84,0,8,31,82,1,1,9,19,0,5,3,4,6,75,41,0,43,93,16,40,2,11,3,0,11,27
"Cell48",0,52,0,18,5,52,0,0,0,25,59,60,0,8,33,8,24,2,4,24,12,24,1,1,0,20,24,66,0,9,0,17,0,10,2,4,0,0,0,39,52,5,0,24,6,30,165,6,2,59,9,0,6,244,38,78,0,47,0,6,24,57,0,2,5,34,0,12,0,6,3,47,39,0,23,61,23,42,2,7,3,1,16,18
"Cell49",0,39,0,20,3,43,6,0,4,17,69,57,1,9,44,4,57,5,5,33,15,23,1,12,3,32,51,89,0,4,1,8,0,21,1,16,2,1,0,54,107,7,2,67,1,36,162,1,7,68,17,6,4,354,30,195,0,88,0,16,25,72,1,4,14,48,0,10,8,1,6,80,94,0,35,63,22,47,1,21,5,0,14,67
"Cell50",0,31,0,13,10,40,2,0,3,13,38,45,0,7,27,11,57,0,1,20,6,7,4,2,4,29,16,46,0,6,0,10,0,5,3,9,4,2,0,41,72,0,1,26,3,33,155,0,7,64,36,2,5,317,14,75,0,59,0,6,34,34,0,1,11,7,0,6,5,0,10,57,18,0,33,46,23,69,1,8,6,1,20,24
"Cell51",0,50,0,16,1,40,3,1,3,11,43,60,4,19,37,2,60,2,1,24,5,27,0,0,0,41,40,89,0,9,0,5,2,11,0,9,3,1,0,42,49,7,0,33,0,24,190,7,2,97,14,1,8,315,18,70,0,55,1,11,28,105,12,0,9,24,0,13,1,1,11,77,49,3,37,70,18,45,1,15,2,1,11,26
"Cell52",0,55,0,16,5,20,0,0,3,20,81,48,0,11,25,11,36,0,1,24,8,35,2,6,1,22,34,65,0,13,1,13,3,12,3,4,9,2,0,35,54,3,0,41,2,33,217,0,2,65,21,5,14,269,32,112,0,79,0,7,28,56,4,1,9,32,0,11,8,18,4,56,63,0,29,60,27,50,3,7,1,0,7,42
"Cell53",0,71,0,13,2,30,0,0,6,16,43,48,0,8,45,29,51,1,3,54,14,20,1,1,6,30,38,85,0,8,0,15,0,4,1,15,6,1,0,67,80,0,0,35,1,33,153,3,1,61,8,6,6,243,33,117,0,54,1,17,62,57,1,1,7,45,0,10,4,5,6,91,63,0,38,90,26,49,3,8,2,3,13,28
"Cell54",0,39,0,21,3,27,0,0,3,10,24,54,2,5,32,9,53,6,4,36,6,40,1,2,2,36,39,89,0,6,2,13,4,1,1,3,3,4,0,78,52,4,0,46,3,52,210,3,2,58,21,4,6,209,38,135,1,73,0,6,42,106,2,0,5,49,0,21,0,0,11,59,48,0,35,46,15,30,1,8,3,0,14,31
"Cell55",0,42,3,11,4,33,3,0,3,25,37,38,0,8,26,14,27,3,2,18,1,22,1,6,2,26,64,99,0,7,0,7,2,5,0,8,0,2,0,27,38,3,0,31,9,19,143,0,4,47,5,0,1,175,18,126,0,64,0,4,27,57,2,2,6,41,0,7,0,4,4,46,49,0,35,58,6,27,5,7,0,1,20,31
"Cell56",0,35,6,23,7,38,0,0,0,23,42,25,0,4,30,20,43,1,2,14,4,39,3,2,2,25,14,48,0,14,4,21,1,3,2,0,3,8,0,65,45,2,0,35,4,38,122,2,6,60,11,14,15,358,47,80,0,78,0,15,30,59,1,2,7,39,1,15,3,0,6,52,48,0,35,51,19,23,0,6,6,0,18,22
"Cell57",0,47,2,29,7,55,0,0,5,37,68,80,0,14,21,12,54,1,3,51,5,36,2,10,1,17,61,102,0,8,3,20,1,8,2,10,11,5,6,75,69,9,3,31,11,62,212,0,3,117,16,14,3,306,53,126,2,88,0,8,22,63,2,2,11,56,0,7,1,1,17,52,89,1,61,120,21,65,4,6,5,1,22,45
"Cell58",0,22,0,9,1,36,4,0,2,18,62,36,0,3,13,4,25,2,2,29,5,26,7,1,2,19,16,40,0,9,0,14,7,6,3,5,2,2,1,48,61,3,0,21,1,16,113,0,11,51,8,6,9,181,15,116,0,26,0,7,22,62,3,1,10,23,0,4,3,3,3,52,38,0,31,29,9,39,0,2,2,0,10,16
"Cell59",0,20,3,12,2,16,0,0,1,13,21,25,0,4,5,9,35,2,2,20,4,18,5,4,0,26,32,50,0,11,0,7,0,7,0,2,4,1,0,31,29,1,1,50,9,12,113,5,1,45,5,1,7,209,14,99,0,37,0,9,34,51,0,3,6,21,0,8,3,0,6,40,37,0,15,36,7,22,2,3,2,0,6,14
"Cell60",0,33,0,11,2,34,1,0,1,18,44,50,0,14,23,1,26,0,0,40,11,10,1,2,1,34,17,82,0,21,1,11,1,10,0,7,2,7,2,26,44,3,0,25,3,43,199,0,2,78,11,10,6,234,16,94,0,60,0,12,25,57,3,3,11,30,0,4,0,5,7,49,49,0,25,37,33,24,0,11,3,1,13,18
"Cell61",0,58,2,9,9,23,1,0,1,27,54,59,2,9,32,3,47,0,3,20,7,10,2,4,2,24,21,66,0,5,2,11,0,3,1,7,5,2,1,33,89,1,0,24,3,60,168,1,1,52,15,1,8,163,30,122,0,36,0,11,36,65,3,1,6,20,0,5,2,4,10,75,39,0,22,79,9,44,2,9,3,0,6,31
"Cell62",0,46,1,29,8,51,0,0,2,29,43,72,1,2,44,7,46,3,0,64,7,25,6,5,5,40,25,71,0,13,0,9,1,7,1,11,12,6,0,69,82,8,1,20,2,28,198,6,19,80,16,6,12,342,31,146,0,66,0,14,26,102,10,1,9,59,0,9,0,2,4,93,70,0,39,109,19,68,0,8,8,1,21,26
"Cell63",0,40,1,9,6,18,0,0,11,36,76,43,0,7,26,16,68,0,0,34,8,28,0,4,1,24,46,93,0,6,0,18,2,1,1,12,6,0,0,44,80,6,2,50,1,54,183,9,7,60,30,12,6,253,39,153,0,74,0,22,58,85,3,2,6,35,0,11,2,9,5,83,83,0,36,115,22,48,1,5,9,3,14,19
"Cell64",0,30,0,20,3,27,0,0,5,33,65,50,2,6,33,13,58,2,8,46,23,10,4,0,4,18,42,88,0,16,0,13,1,4,0,10,4,1,0,82,98,5,5,67,2,21,187,4,2,71,6,9,7,394,48,122,2,42,0,5,39,56,2,5,6,77,0,6,3,7,6,61,55,0,39,65,29,55,2,6,12,0,10,30
"Cell65",0,40,1,7,1,56,0,1,1,25,63,57,1,4,23,10,54,1,2,13,9,38,6,6,2,23,39,89,0,30,0,13,1,3,0,15,3,2,1,37,56,2,0,48,10,24,153,8,2,111,17,8,8,244,35,144,1,81,0,9,33,100,1,0,8,28,0,10,13,9,10,77,74,2,29,86,24,41,4,15,9,0,12,52
"Cell66",0,43,0,14,5,22,0,0,5,18,67,57,2,6,35,18,37,2,7,24,5,20,4,4,6,36,24,71,0,17,5,6,5,4,2,4,8,6,0,47,30,2,0,20,0,41,153,2,8,75,9,3,2,271,24,192,0,59,0,10,22,62,10,1,11,34,0,10,8,11,2,71,47,0,21,77,23,41,1,11,3,2,19,35
"Cell67",0,33,1,10,1,72,1,0,9,34,33,43,2,3,28,9,36,1,2,14,2,10,2,3,3,22,32,51,0,11,0,13,1,7,5,5,4,1,0,57,41,3,0,28,5,35,179,1,2,57,24,1,7,203,24,82,0,71,0,6,34,51,0,1,16,29,0,9,7,2,3,89,54,1,38,40,14,21,1,16,9,2,6,17
"Cell68",0,24,0,15,3,33,0,0,8,10,59,62,1,0,51,10,34,0,6,17,6,15,1,2,5,30,27,62,0,12,1,4,1,3,4,7,3,2,1,41,54,7,0,51,7,42,187,0,21,42,27,2,5,211,20,128,0,56,0,9,29,64,5,1,12,16,0,15,0,4,2,66,46,0,21,46,20,31,1,22,6,2,8,25
"Cell69",0,21,0,23,3,33,0,0,6,14,40,40,6,7,26,10,26,0,6,26,5,21,0,0,0,25,24,59,0,12,0,5,1,5,2,3,0,0,0,28,21,3,0,24,2,21,126,4,1,66,19,1,4,189,21,134,0,45,0,1,15,56,3,0,3,10,0,3,0,1,3,37,43,4,22,66,9,34,3,4,9,1,12,19
"Cell70",0,56,0,12,1,4,0,0,0,10,26,32,0,8,11,1,28,1,0,27,7,17,1,0,0,12,34,47,0,6,0,10,3,1,3,8,3,0,0,20,23,2,4,17,3,23,121,3,3,34,7,3,2,172,12,79,0,50,0,7,13,45,2,0,8,19,0,4,1,2,3,17,35,0,10,40,17,25,2,7,3,0,10,12
"Cell71",0,54,0,22,5,40,2,0,2,30,55,44,1,2,21,7,26,4,2,18,3,30,3,4,3,25,36,53,0,5,0,13,0,7,0,3,1,2,2,35,47,3,0,39,1,46,140,0,3,87,3,2,0,260,20,72,0,55,0,4,14,66,2,0,5,23,0,6,3,4,15,35,48,0,26,88,12,40,1,7,2,1,10,19
"Cell72",0,13,0,7,2,21,0,0,0,16,23,35,0,4,15,4,33,1,0,6,3,19,2,1,0,18,28,37,0,1,0,9,1,4,0,1,0,0,1,30,44,4,0,17,4,31,96,0,2,33,17,0,1,198,30,77,0,42,0,5,16,34,0,2,9,25,0,1,3,1,10,30,44,0,19,46,14,25,4,5,7,0,4,18
"Cell73",0,84,0,20,1,24,3,0,0,27,48,63,0,9,36,7,53,3,0,11,3,32,1,2,0,31,35,65,0,6,0,13,0,9,0,22,1,6,0,65,53,8,0,50,3,27,170,2,12,74,11,5,8,429,23,123,0,97,0,13,19,99,0,3,9,39,0,10,6,3,5,72,39,0,33,62,16,41,2,16,18,0,12,43
"Cell74",0,26,4,11,4,29,0,0,3,29,28,60,0,3,15,5,53,0,0,35,17,36,2,2,2,18,47,57,0,0,0,5,4,11,0,6,2,1,2,42,60,1,0,22,2,29,135,1,2,44,12,4,12,241,28,83,0,36,0,5,33,61,0,6,6,24,0,4,6,2,2,52,45,0,30,44,7,14,0,9,3,2,15,11
"Cell75",0,47,0,8,2,33,2,0,3,16,47,27,0,12,54,9,58,3,5,54,4,26,3,2,1,31,34,66,0,10,0,6,0,6,0,25,5,0,0,62,47,1,0,38,0,31,188,2,18,51,8,3,9,273,40,92,0,44,0,18,29,40,4,0,5,20,0,7,1,2,5,54,52,0,35,69,9,49,3,11,7,2,3,22
"Cell76",0,46,0,22,5,22,0,0,0,28,54,52,0,13,37,18,39,3,4,21,4,13,7,0,4,40,36,59,0,9,0,13,0,10,2,15,2,9,1,38,65,2,0,31,6,47,215,6,5,59,25,6,7,255,45,133,0,64,0,6,38,93,0,0,17,29,0,7,2,5,9,63,61,0,35,81,26,21,2,14,5,0,22,41
"Cell77",0,37,7,9,2,22,8,0,0,11,88,66,2,7,21,19,33,1,1,32,2,16,3,5,3,37,20,56,0,14,0,3,2,4,0,1,3,1,0,46,78,2,0,30,6,27,161,3,9,66,9,7,6,247,24,132,0,67,0,4,22,77,3,1,5,15,0,4,3,8,10,52,57,0,18,54,20,43,0,14,9,0,23,19
"Cell78",0,43,0,13,2,40,1,0,0,23,67,68,0,2,26,7,48,3,0,20,1,4,0,5,3,30,47,70,1,12,0,3,0,7,0,11,5,2,5,32,74,3,4,44,9,27,157,1,6,92,33,3,2,259,44,142,0,95,0,9,30,103,2,0,7,33,0,8,0,3,2,56,48,0,34,63,21,55,2,25,0,0,22,19
"Cell79",0,22,0,19,0,21,0,0,2,21,37,57,3,3,17,8,31,1,2,12,5,41,4,1,2,20,23,82,0,4,1,10,1,6,0,6,5,5,0,23,60,1,0,38,1,18,100,0,3,35,16,1,6,203,32,92,0,35,0,10,30,63,2,0,3,15,0,5,1,2,0,60,20,0,20,45,6,23,0,7,3,0,16,21
"Cell80",0,44,1,21,1,46,0,0,3,25,62,40,1,8,18,20,36,1,0,39,6,33,3,3,2,42,41,66,0,13,0,14,0,3,1,1,2,0,0,49,44,0,0,31,8,19,120,1,5,60,7,10,5,228,22,117,0,49,0,6,24,40,4,8,8,34,0,3,5,4,10,38,34,0,23,56,5,31,0,7,5,1,18,24
"Cell81",0,29,2,5,3,46,0,0,0,25,56,29,0,6,15,2,19,1,1,22,7,7,2,1,3,18,9,24,0,5,0,12,0,12,3,4,1,1,0,24,25,2,0,32,2,24,150,1,2,39,10,1,6,229,22,118,0,72,0,11,17,58,1,4,2,20,0,7,4,3,7,47,30,0,24,36,4,28,0,7,4,1,7,19
"Cell82",0,41,0,14,2,23,1,0,2,32,68,83,0,4,28,20,57,0,2,27,10,34,3,1,1,51,41,45,0,8,0,6,0,7,0,11,1,1,0,59,73,1,2,62,1,38,201,1,9,104,18,2,8,312,30,192,0,109,0,20,43,80,1,0,13,30,0,18,1,7,8,116,56,0,33,98,24,27,6,15,4,3,15,37
"Cell83",0,38,0,22,4,42,0,0,0,21,46,35,0,6,22,6,43,0,3,15,7,13,2,2,7,22,62,69,1,4,0,16,0,7,0,6,5,1,0,50,36,7,0,42,10,21,114,0,11,67,11,3,4,287,11,109,0,50,0,4,26,62,4,5,4,15,0,4,7,2,2,66,44,0,37,31,19,38,2,8,7,1,10,34
"Cell84",0,22,0,7,3,38,0,0,2,27,53,54,0,3,16,1,41,0,8,18,4,21,2,1,6,49,42,95,0,5,0,23,0,8,0,7,5,6,0,46,63,2,0,36,6,29,150,1,3,95,17,1,2,258,33,114,2,64,1,10,28,59,2,3,19,26,0,3,4,3,12,77,48,0,46,73,26,32,3,11,7,0,14,14
"Cell85",0,37,2,10,9,22,1,0,1,9,47,19,0,4,24,8,27,3,0,17,5,21,1,1,2,13,22,40,0,6,1,10,0,0,2,7,2,0,0,30,20,8,0,20,0,13,111,0,3,43,4,4,2,251,13,74,0,24,0,6,15,77,2,2,5,8,0,1,3,1,2,41,34,0,15,25,11,18,0,21,3,3,15,14
"Cell86",0,32,1,19,1,41,0,0,2,11,48,21,0,6,20,16,24,1,2,25,2,23,3,1,0,14,32,57,0,12,0,16,1,6,1,9,1,4,0,68,39,2,0,23,5,43,132,0,1,21,12,4,1,182,20,56,0,52,0,13,29,56,1,3,7,7,1,3,1,2,2,24,52,0,28,53,21,41,0,2,1,0,9,25
"Cell87",0,31,1,28,1,27,0,0,1,21,42,33,0,5,30,11,51,0,5,31,10,24,6,5,2,20,14,49,0,2,0,6,1,9,0,4,2,0,0,28,83,9,0,42,7,36,157,7,3,82,16,3,6,332,28,122,0,65,1,4,39,71,7,0,5,63,0,14,8,10,6,24,44,0,15,70,28,51,4,7,4,0,15,34
"Cell88",0,22,0,13,1,20,1,1,9,12,63,20,0,13,19,9,35,2,5,23,2,6,0,2,3,11,34,37,0,14,0,8,0,1,1,5,4,2,1,39,40,3,0,34,0,39,113,3,4,44,28,8,2,236,41,104,0,39,0,4,29,61,9,0,9,19,0,2,1,4,8,53,41,0,25,39,17,25,6,6,3,0,19,20
"Cell89",0,42,0,25,4,64,4,0,1,18,71,43,0,17,18,18,29,1,2,35,13,17,2,2,1,45,41,48,0,14,0,6,0,5,0,7,1,0,0,36,45,5,0,33,7,17,161,5,13,57,13,7,1,284,24,102,0,69,0,5,26,98,7,1,7,29,0,9,2,8,9,71,54,0,44,62,24,48,0,10,4,2,26,23
"Cell90",0,43,4,5,11,19,1,1,1,33,38,36,3,3,14,2,35,2,1,25,2,20,0,0,3,22,18,62,0,10,0,4,6,1,1,5,5,0,2,49,47,0,4,41,8,31,190,2,4,53,3,7,1,240,31,89,0,34,1,11,37,52,2,2,11,15,0,4,7,4,2,61,36,1,28,39,14,24,0,14,4,2,14,15
"Cell91",0,17,1,14,1,22,0,0,0,7,32,32,0,3,9,7,31,3,1,19,13,18,0,1,0,22,26,58,0,2,0,12,2,5,2,6,2,1,0,54,73,1,0,46,2,23,126,2,9,36,9,6,3,231,20,92,0,48,0,2,34,79,1,0,10,14,0,5,9,9,3,36,84,0,37,39,20,30,0,3,4,2,11,14
"Cell92",0,35,3,22,6,47,3,0,3,33,57,47,0,25,22,6,38,5,3,54,2,12,6,6,1,43,32,92,0,24,1,22,0,7,4,13,9,0,0,59,71,4,1,45,7,48,193,3,6,114,16,7,3,371,36,134,0,70,0,14,37,70,2,0,18,63,0,5,3,1,12,94,50,0,38,78,33,55,0,18,5,0,14,13
"Cell93",0,62,2,20,0,25,5,0,2,40,50,46,0,20,38,13,31,2,3,17,2,17,7,3,3,24,65,43,0,18,0,1,0,1,0,7,7,1,0,32,35,2,0,44,8,50,147,1,1,53,15,7,1,211,36,126,0,46,1,10,21,80,5,7,18,15,0,2,4,0,5,69,50,0,16,49,20,28,1,11,6,0,17,21
"Cell94",0,42,0,6,2,24,0,0,5,18,42,40,0,6,32,12,29,1,0,14,3,13,5,4,0,22,39,77,0,5,1,27,4,5,2,11,3,1,0,51,46,1,0,28,9,13,120,1,6,60,7,1,0,238,13,69,0,39,0,2,33,71,1,0,4,21,0,0,0,3,6,87,43,0,16,37,13,24,0,4,2,0,30,15
"Cell95",0,68,1,5,2,45,1,0,3,15,31,44,0,5,10,5,37,0,1,9,2,21,0,2,3,26,38,87,0,3,0,2,1,5,0,13,4,0,0,46,49,6,0,54,5,26,115,2,4,57,8,7,0,253,21,85,0,67,0,15,20,60,2,0,5,16,0,5,3,0,8,60,36,0,13,55,11,37,0,9,6,0,8,22
"Cell96",0,34,1,18,2,52,0,0,6,23,74,45,1,7,25,2,41,1,3,24,2,35,0,2,1,24,20,92,0,11,0,17,2,8,4,5,5,1,2,69,39,3,1,35,7,60,165,3,4,64,11,4,2,238,26,118,0,45,0,7,20,51,8,2,15,33,0,1,1,1,9,56,71,0,28,70,12,39,6,16,3,1,8,48
"Cell97",0,42,0,6,5,22,0,0,1,14,49,45,0,4,12,5,36,0,1,26,5,12,1,4,0,24,17,54,0,4,0,16,1,1,0,8,4,3,0,20,57,7,0,37,2,39,123,3,6,51,8,1,1,233,13,116,0,37,0,10,19,29,0,0,3,27,0,11,4,0,5,54,45,0,14,46,17,21,0,2,4,2,10,20
"Cell98",0,44,0,5,1,22,0,0,0,10,76,52,1,1,27,6,16,0,0,11,9,30,1,4,1,21,36,46,0,5,0,13,0,5,0,6,4,0,1,47,56,3,0,16,4,17,124,0,8,66,14,2,0,271,16,132,0,48,0,5,34,64,2,3,3,43,0,3,3,1,4,54,32,0,26,42,21,13,2,8,4,0,12,32
"Cell99",0,20,0,16,3,59,6,1,6,31,29,41,0,4,13,9,36,1,5,12,19,10,5,2,4,21,26,56,0,14,0,10,0,7,0,11,2,4,0,65,24,5,0,27,8,43,96,1,3,54,16,5,9,287,32,85,0,53,0,13,32,85,0,10,3,15,0,9,6,12,7,41,44,0,30,62,14,18,0,19,7,0,6,11
"Cell100",0,46,0,11,1,21,0,0,4,15,22,50,0,4,9,1,23,0,2,8,1,11,3,2,1,20,41,67,0,3,0,12,2,6,0,2,5,2,1,32,56,1,1,33,1,8,130,2,2,58,3,3,4,196,12,92,0,52,0,3,8,25,5,2,7,30,0,7,2,0,9,45,59,0,21,43,8,39,2,3,1,2,13,18
"Cell101",0,14,2,12,1,27,2,0,1,31,74,35,2,6,8,4,43,2,7,22,16,28,4,1,6,24,34,79,0,8,0,9,2,0,7,5,6,1,0,49,67,1,2,42,4,22,143,3,11,97,5,1,1,251,24,81,1,39,0,6,29,66,4,3,3,37,0,14,3,8,4,17,27,0,41,82,9,40,3,5,6,2,23,11
"Cell102",0,44,3,11,6,34,0,1,1,10,60,42,0,6,23,15,36,2,1,30,15,13,0,1,1,20,27,50,0,11,0,7,0,3,0,14,2,1,0,44,49,3,0,36,16,18,154,10,2,50,16,3,2,208,26,91,0,79,0,2,29,58,1,2,9,38,0,10,2,2,6,34,33,0,44,31,18,26,0,20,6,1,15,30
"Cell103",0,40,4,12,3,64,0,0,5,27,90,40,0,13,18,15,45,2,2,32,3,24,2,4,4,50,54,77,0,19,0,19,0,3,1,8,5,4,1,55,53,4,2,41,3,46,264,2,4,77,9,2,11,414,28,132,0,72,0,8,38,52,3,4,10,41,1,1,3,1,10,70,58,0,45,105,21,34,1,13,1,1,12,46
"Cell104",0,30,1,7,4,48,0,0,2,12,43,44,1,4,17,10,43,1,4,15,8,15,1,2,2,43,16,80,0,3,0,7,1,6,0,4,2,2,0,37,44,6,0,30,2,33,132,1,20,68,40,9,5,353,17,81,0,57,0,18,36,59,7,1,16,23,0,3,10,7,1,42,54,0,18,49,6,25,1,7,5,0,13,23
"Cell105",0,81,1,12,9,65,1,0,5,17,82,70,0,2,22,12,44,0,5,41,4,25,5,4,1,23,35,80,0,14,0,16,1,2,3,10,4,0,1,59,98,3,0,39,17,34,144,1,5,49,19,9,13,370,22,161,0,64,1,5,33,66,4,1,6,56,0,9,2,12,10,64,72,0,46,63,24,52,3,6,6,0,16,33
"Cell106",0,60,1,20,4,39,0,0,3,28,115,91,0,8,42,24,44,6,1,41,14,42,1,3,1,42,46,106,0,13,2,15,2,2,0,14,7,4,0,58,77,2,0,47,2,39,150,3,16,98,20,3,19,343,28,156,0,103,1,9,23,85,1,0,3,22,0,12,5,3,1,108,68,0,31,61,13,51,1,23,4,0,41,27
"Cell107",0,75,0,11,7,96,0,0,6,15,51,46,3,14,36,19,38,1,3,40,6,19,1,5,0,31,34,100,0,11,0,22,1,4,0,8,11,6,1,52,55,4,1,61,0,52,210,2,17,69,8,5,8,294,18,119,0,44,0,5,8,80,2,0,11,36,0,26,4,7,1,68,38,0,27,55,13,46,5,7,3,5,24,26
"Cell108",0,40,2,8,3,71,4,0,4,21,99,49,1,41,12,47,6,0,10,7,6,6,1,0,6,6,4,210,0,5,0,44,0,14,1,7,8,8,0,88,18,15,0,13,17,23,161,2,7,45,36,7,38,74,8,87,0,10,0,7,35,58,5,2,2,23,0,15,32,4,10,13,7,0,237,20,1,32,1,6,5,1,11,28
"Cell109",0,60,0,12,1,35,0,0,2,14,19,47,0,0,19,6,30,1,1,13,10,33,8,1,1,27,19,41,0,3,0,2,0,11,0,4,2,1,0,30,40,3,0,41,1,38,136,2,5,49,8,4,0,252,20,78,0,44,0,2,32,51,3,1,9,17,0,7,0,5,4,43,30,0,18,20,13,51,0,5,3,0,7,25
"Cell110",0,45,2,11,1,45,2,0,3,19,53,44,0,3,19,6,27,1,0,28,8,29,5,0,1,24,32,55,0,9,0,6,2,2,1,5,4,1,0,46,42,4,0,46,6,35,169,0,3,38,6,3,5,180,27,134,0,47,0,18,33,45,1,0,12,13,0,2,2,3,5,35,46,0,30,53,8,38,4,10,10,0,7,42
"Cell111",0,33,1,4,2,32,0,0,0,14,36,45,0,10,20,9,18,2,5,7,6,14,8,9,1,15,18,73,0,13,0,4,0,0,0,2,1,1,0,33,49,4,4,23,2,20,105,4,6,66,12,7,5,268,24,37,0,42,1,4,38,42,1,0,4,15,0,12,4,1,5,64,61,0,22,50,28,42,2,8,2,0,11,30
"Cell112",0,36,0,29,6,15,0,1,1,16,45,38,0,3,16,18,50,1,3,21,14,17,4,4,0,27,19,42,0,1,0,3,0,7,1,2,6,1,1,35,43,2,0,50,6,47,109,0,7,74,15,3,3,204,27,85,0,41,0,2,11,32,1,3,9,23,0,1,2,2,6,34,62,0,28,51,11,21,1,5,0,0,10,25
"Cell113",0,58,2,25,1,51,0,0,9,19,48,51,0,14,33,11,31,2,2,31,3,14,2,3,7,39,49,96,0,13,1,12,0,5,0,10,7,0,0,31,61,8,0,51,1,53,171,1,1,88,14,8,3,377,11,156,0,38,0,9,46,86,3,2,5,50,0,9,1,4,8,41,62,0,20,97,19,43,1,19,7,0,26,25
"Cell114",0,42,0,14,7,41,0,0,3,24,52,67,0,10,48,18,56,5,3,49,11,28,0,1,7,39,64,92,0,15,2,15,1,9,0,3,15,3,0,58,64,4,0,50,7,24,132,3,1,72,9,10,3,301,34,135,0,66,0,14,49,95,11,0,6,19,0,20,2,3,5,74,36,0,14,74,13,46,1,16,2,2,18,21
"Cell115",0,43,0,25,0,29,0,0,2,14,49,41,0,4,43,18,52,0,1,28,4,14,4,10,1,17,36,62,0,15,0,9,1,8,0,7,2,5,1,58,53,5,1,35,5,40,162,1,3,77,11,5,7,222,19,123,0,47,0,10,23,109,0,3,5,7,0,4,1,6,3,68,38,0,44,62,25,39,3,11,2,0,15,26
"Cell116",0,46,0,11,10,26,0,0,0,11,73,48,0,5,23,9,39,1,3,14,4,15,5,0,1,29,33,73,0,6,0,12,0,3,1,7,2,1,0,28,45,1,0,44,1,60,108,3,9,76,15,1,2,199,24,102,1,37,0,5,38,65,2,1,16,24,0,6,3,4,12,60,40,0,18,97,9,40,4,11,4,0,7,41
"Cell117",0,39,1,12,3,22,0,0,7,14,73,44,0,3,12,9,41,1,3,33,5,15,0,2,2,24,38,83,0,11,0,7,1,5,0,11,2,1,0,53,33,6,0,25,2,41,173,5,1,58,13,6,9,242,20,115,0,72,0,8,23,71,6,3,11,16,0,8,2,9,4,54,37,0,15,39,14,51,8,5,1,0,5,28
"Cell118",0,36,1,7,2,36,1,1,2,14,48,56,0,3,18,5,11,0,11,29,11,14,3,0,1,32,18,90,0,2,3,5,0,5,1,9,9,1,0,26,47,4,0,38,6,20,193,4,14,63,10,5,5,325,30,134,1,41,0,7,13,49,4,2,8,16,0,3,3,4,10,74,30,0,22,81,8,33,0,13,3,1,15,19
"Cell119",0,20,0,31,3,34,1,2,2,39,84,44,0,8,18,13,24,1,5,15,11,24,7,5,4,27,34,101,0,15,0,21,1,4,1,11,3,2,0,54,67,9,4,33,6,38,127,0,10,121,25,2,5,350,31,139,0,71,0,5,28,49,0,3,8,17,0,9,1,0,12,41,63,0,16,44,13,48,2,8,1,0,19,26
"Cell120",0,70,0,23,10,56,3,0,8,40,65,87,0,13,49,12,74,3,0,24,23,21,14,2,1,30,81,107,0,21,0,13,1,4,0,11,1,0,0,74,97,3,0,40,5,36,197,6,4,84,21,1,18,560,54,140,0,72,0,7,49,78,5,0,12,58,0,6,5,4,8,102,65,0,40,88,22,37,2,16,4,2,20,29
"Cell121",0,45,0,21,12,36,0,0,1,17,54,46,0,8,32,6,22,0,2,20,1,12,0,0,0,14,24,72,0,6,0,20,0,4,0,6,1,1,0,40,93,2,0,52,3,32,146,0,6,52,15,3,4,211,29,85,0,56,0,7,23,52,1,2,7,16,0,2,2,11,6,44,35,0,41,45,18,29,0,11,3,1,4,26
"Cell122",0,48,1,25,4,64,0,0,6,26,78,71,0,13,19,22,16,2,3,24,6,31,2,1,0,21,45,96,0,11,2,10,0,6,2,11,5,0,0,74,62,1,0,42,4,39,182,2,9,82,14,5,13,386,26,149,0,75,0,1,25,52,4,2,4,34,0,12,7,2,10,85,59,1,35,84,13,49,2,22,0,4,23,18
"Cell123",0,44,1,17,5,45,0,0,1,35,62,44,2,5,40,12,39,1,2,47,11,17,2,6,1,39,40,102,0,9,0,4,0,3,3,19,5,6,1,39,84,6,0,76,5,22,187,0,2,72,26,9,12,317,31,134,0,67,0,7,33,101,7,0,10,36,0,10,1,8,8,62,80,0,68,75,24,46,3,7,13,3,17,37
"Cell124",0,51,1,13,3,24,1,0,2,32,47,50,0,4,23,15,32,1,1,31,7,24,4,8,1,30,19,110,0,16,0,14,4,5,5,20,14,5,0,57,69,0,0,23,1,22,163,1,6,68,10,2,2,257,21,101,0,78,0,7,19,42,5,1,11,22,0,4,2,3,3,73,36,0,19,53,10,32,3,3,6,0,10,27
"Cell125",0,24,0,22,3,42,0,1,3,10,44,41,0,5,24,8,41,0,1,21,9,52,0,1,1,25,39,79,0,6,0,15,0,5,0,7,8,3,3,65,68,0,0,53,1,20,201,0,9,71,13,3,4,300,36,110,0,61,0,3,40,44,1,3,5,14,0,5,1,4,2,80,60,0,25,57,9,37,2,11,6,0,15,17
"Cell126",0,43,0,18,3,21,0,1,0,30,52,33,0,6,25,17,20,0,4,19,2,25,0,0,2,9,11,44,0,6,0,9,3,9,1,14,5,0,0,66,54,0,0,43,0,27,154,0,1,58,4,8,2,207,29,109,0,49,0,4,22,61,8,3,4,35,0,5,0,1,16,92,44,0,18,54,9,10,0,7,7,2,13,17
"Cell127",0,41,0,19,5,34,0,0,2,28,53,34,1,5,25,18,47,9,1,18,8,55,0,1,1,31,34,47,0,5,0,26,3,4,2,11,1,5,0,46,75,6,0,43,4,33,149,5,3,71,23,8,3,325,22,145,0,58,0,6,50,82,2,15,11,18,0,3,8,5,10,63,47,0,47,49,15,32,0,4,3,2,19,42
"Cell128",0,17,1,17,7,32,0,0,4,14,77,49,0,2,21,19,29,0,0,14,1,20,5,2,0,21,19,59,0,2,0,26,2,5,0,17,2,1,0,53,58,0,0,28,8,12,220,8,7,82,5,2,0,242,25,74,0,57,0,3,45,39,1,1,8,38,0,4,1,1,6,51,71,0,46,42,19,24,0,3,9,0,10,24
"Cell129",0,65,1,26,3,100,1,0,2,22,73,53,0,4,45,18,65,0,12,34,18,20,7,5,3,46,50,98,0,17,0,11,1,13,0,6,1,5,1,80,88,3,0,63,1,53,295,11,8,115,14,10,10,466,36,131,0,121,0,7,50,97,1,1,18,41,0,5,0,8,5,44,96,0,43,94,24,45,1,11,9,3,28,38
"Cell130",1,39,1,11,1,30,0,0,7,15,43,41,1,5,18,7,46,4,20,39,12,26,3,6,1,29,22,88,0,12,0,11,0,9,2,6,1,1,0,55,44,2,0,61,3,24,125,2,7,78,15,2,10,225,45,133,0,52,0,11,23,70,1,0,6,33,1,3,14,0,6,71,52,0,26,73,26,67,0,10,12,4,16,39
"Cell131",0,40,0,17,1,27,0,0,8,20,54,42,0,6,25,5,21,5,0,27,1,15,0,0,1,11,32,54,0,8,0,5,2,3,2,12,4,4,2,42,37,9,0,25,2,23,147,5,2,50,8,5,4,301,31,68,0,76,0,8,27,53,1,2,6,26,0,5,0,5,10,40,58,0,24,72,17,42,2,12,8,1,30,29
"Cell132",0,54,2,19,2,56,5,1,3,19,81,30,0,4,38,11,46,4,3,23,2,23,1,2,1,29,27,63,0,19,0,6,0,1,0,9,2,5,0,32,79,7,0,49,7,51,160,4,6,73,10,5,4,337,30,160,0,69,1,4,34,58,3,6,12,28,0,11,8,0,9,46,70,0,19,64,27,39,4,11,3,1,13,37
"Cell133",0,34,2,12,6,41,0,0,2,20,53,60,0,5,20,9,16,2,1,23,8,5,2,1,1,29,32,32,0,25,0,21,0,3,2,11,2,1,0,46,42,0,0,50,3,18,122,1,1,82,16,2,10,228,11,95,0,43,0,8,23,36,0,0,10,33,0,1,7,3,9,41,33,0,41,81,25,20,1,10,11,2,23,16
"Cell134",0,38,1,18,2,44,0,0,0,20,67,46,2,3,21,7,49,5,4,31,12,21,8,12,1,26,27,59,0,6,0,9,2,4,0,8,7,3,0,44,72,4,0,56,8,38,190,0,3,87,14,5,3,323,25,115,0,58,0,5,19,50,3,7,7,36,0,11,0,4,9,47,46,1,27,43,27,27,2,5,6,0,13,9
"Cell135",0,76,1,19,7,37,1,0,8,41,59,56,1,2,26,8,55,2,3,33,5,28,1,2,0,31,45,113,0,5,0,9,2,7,2,15,4,4,0,82,51,2,0,57,1,52,185,0,8,104,15,7,2,345,33,144,0,59,0,7,17,79,2,1,4,29,0,9,1,1,11,70,75,1,33,100,14,42,3,10,11,5,13,26
"Cell136",0,58,0,26,2,46,2,0,14,18,81,58,2,7,28,3,24,2,0,30,11,18,7,2,1,27,31,84,2,10,0,10,1,6,0,6,3,2,0,65,67,4,0,25,8,21,160,0,3,52,14,5,7,287,43,114,0,58,0,9,30,54,3,0,17,24,1,4,1,6,6,73,40,1,32,43,23,66,2,9,1,0,26,43
"Cell137",0,24,1,1,10,19,0,0,4,19,47,58,2,4,16,9,21,0,0,11,2,9,0,0,1,15,24,75,0,6,0,2,1,11,2,9,6,0,0,32,50,5,0,31,1,25,115,3,3,64,9,6,8,258,12,79,1,57,0,2,21,72,1,1,10,32,0,8,1,2,4,56,37,0,24,112,10,32,1,6,10,0,11,28
"Cell138",0,46,2,18,3,37,1,0,2,19,57,39,3,3,36,16,48,3,4,20,15,16,1,1,0,42,36,87,0,6,0,12,3,5,0,10,7,4,0,40,46,3,0,22,6,31,143,3,7,37,16,2,14,247,23,136,0,37,0,3,43,70,2,1,12,31,0,3,1,0,6,60,54,0,29,51,11,58,3,2,7,0,21,5
"Cell139",0,25,1,22,7,39,0,0,2,23,72,39,0,1,32,2,63,1,1,18,7,23,7,3,0,19,34,98,0,25,0,6,1,19,0,3,8,3,0,33,75,1,0,70,6,35,220,2,9,89,22,1,3,378,25,143,0,80,0,10,32,81,8,3,8,43,0,12,4,3,6,62,119,0,50,62,15,38,1,5,4,2,8,27
"Cell140",0,42,0,24,5,27,0,0,2,26,54,48,0,6,18,8,70,2,3,12,9,12,2,2,1,29,39,64,0,6,0,7,0,3,8,3,6,0,0,44,81,6,1,44,2,41,136,5,8,97,5,1,1,450,34,124,0,73,0,6,29,51,5,5,10,37,0,5,2,10,0,47,55,0,37,43,24,54,5,15,9,1,12,22
"Cell141",0,25,1,17,7,21,2,0,4,40,91,66,0,0,46,4,37,4,3,28,12,9,2,3,0,17,22,85,0,15,0,15,1,10,1,10,9,2,0,47,37,5,0,31,8,33,190,0,1,55,5,9,2,331,17,101,0,68,1,9,26,75,0,0,14,26,0,17,2,2,16,27,34,0,18,69,8,46,3,5,4,3,24,34
"Cell142",0,67,3,24,6,42,0,3,7,11,59,80,0,11,37,15,64,3,13,37,6,12,5,5,2,22,23,95,0,7,0,22,1,2,1,22,12,3,0,28,59,14,0,51,7,38,217,1,9,101,14,1,5,303,23,130,4,91,0,16,41,112,3,3,15,31,0,19,4,1,12,76,61,0,34,61,13,64,1,6,1,0,12,43
"Cell143",0,58,1,7,2,30,1,0,8,5,41,48,0,4,10,3,25,0,4,15,1,21,5,3,1,31,22,30,0,6,0,11,0,2,1,4,1,0,0,55,55,6,0,51,6,20,145,0,7,51,11,1,3,257,19,98,0,62,0,16,18,65,1,1,9,17,0,2,4,1,9,50,31,0,23,77,8,11,2,5,1,0,28,24
"Cell144",0,42,2,23,10,40,1,1,5,35,47,69,0,7,47,9,42,0,3,21,8,29,1,4,2,32,41,89,0,13,4,21,0,5,2,13,11,1,0,36,62,3,0,60,3,49,199,2,1,99,13,7,2,292,29,133,0,108,0,6,22,65,4,7,9,32,0,2,0,6,1,95,68,0,46,91,17,30,0,10,2,0,19,31
"Cell145",0,48,7,29,1,58,1,0,2,43,71,142,0,7,27,20,41,5,7,49,10,28,3,0,1,24,33,86,0,10,1,13,1,13,0,8,6,7,0,52,59,0,0,64,7,29,264,6,19,95,13,9,4,361,33,106,4,73,0,5,68,77,2,6,22,35,0,7,13,8,4,87,73,0,40,125,32,40,0,15,4,1,9,27
"Cell146",0,53,2,18,0,40,2,0,0,26,66,58,1,4,15,5,54,2,4,27,12,27,3,1,0,27,41,82,0,15,0,5,0,2,3,5,5,0,0,48,39,3,0,18,1,15,162,1,10,79,14,9,4,179,34,103,0,37,3,4,31,61,4,0,22,42,0,3,4,2,3,65,32,0,44,57,23,45,1,1,4,0,10,16
"Cell147",0,39,0,1,2,48,0,0,0,8,27,24,4,4,6,15,40,2,1,17,2,9,4,4,0,20,39,35,0,1,0,5,1,4,0,21,1,1,0,30,30,5,0,15,2,25,110,0,4,70,11,1,14,150,23,74,0,41,0,4,23,55,1,1,6,18,0,5,5,0,2,41,32,0,14,61,9,47,0,3,3,0,8,25
"Cell148",0,57,3,22,5,56,1,0,2,19,33,73,0,3,16,7,51,6,6,43,5,13,2,1,5,46,28,101,0,16,1,15,3,4,0,11,0,2,1,55,62,8,0,35,9,35,205,2,7,109,24,7,8,340,37,195,0,53,1,14,28,94,0,8,23,22,0,16,3,4,6,149,82,0,37,69,20,56,0,9,6,9,24,41
"Cell149",0,45,0,2,0,38,1,0,0,13,18,45,0,8,12,9,48,2,0,61,3,12,2,2,3,36,22,72,0,12,0,4,2,1,1,6,3,4,0,44,55,2,0,46,1,19,160,1,5,71,13,3,7,239,26,105,0,70,0,6,23,54,1,5,6,24,0,14,7,1,5,45,65,0,32,71,30,32,1,2,3,1,7,25
"Cell150",0,50,0,5,1,31,0,1,2,16,34,39,1,1,11,12,15,1,0,29,6,16,0,0,2,23,23,39,0,6,0,9,2,11,0,5,2,0,2,20,37,2,0,14,3,16,88,4,4,51,6,4,1,214,24,105,1,35,0,8,26,34,0,0,10,14,0,7,5,11,4,34,33,0,14,52,9,29,1,4,6,0,9,6
"Cell151",0,85,5,12,10,43,3,2,6,31,77,92,1,8,36,14,72,6,5,24,9,19,4,0,5,20,39,67,0,18,0,7,1,16,7,14,2,1,0,69,44,4,0,42,6,30,179,3,5,74,10,2,4,405,25,146,0,59,0,15,27,90,0,4,30,43,0,12,8,5,9,85,67,0,31,96,23,60,4,6,12,0,7,20
"Cell152",0,41,0,8,2,27,0,0,3,13,49,39,0,1,17,6,36,0,4,16,7,18,5,1,0,18,29,44,0,4,0,6,0,9,1,12,4,1,4,53,68,5,0,20,3,18,185,2,4,51,9,8,6,187,14,89,0,44,0,3,27,40,1,0,6,13,0,2,3,1,10,86,44,0,17,38,20,10,1,5,8,0,10,18
"Cell153",0,37,2,8,7,33,1,0,3,37,38,39,3,15,21,9,45,0,2,17,4,29,1,2,1,14,26,61,0,9,0,5,1,16,1,10,4,0,0,48,44,2,2,34,0,21,144,2,2,57,17,3,5,346,23,85,0,64,0,15,33,86,2,4,11,30,0,13,7,1,11,51,40,0,36,83,10,45,2,6,5,1,17,21
"Cell154",0,60,4,10,1,49,1,0,0,24,37,54,0,6,24,9,40,2,10,24,6,23,7,5,0,38,30,59,0,9,2,7,1,3,2,9,2,1,0,81,80,6,0,31,4,24,171,4,7,43,12,3,6,337,16,110,0,41,0,5,22,63,0,6,12,28,0,4,0,1,12,58,38,1,21,61,26,39,0,14,2,0,19,33
"Cell155",0,39,0,15,6,32,0,0,4,23,39,41,0,4,35,5,34,1,3,20,5,15,5,1,1,45,51,79,0,14,0,12,0,4,0,4,2,3,0,65,37,4,0,48,13,34,132,6,1,27,13,12,5,258,26,104,4,36,0,6,30,60,1,4,11,24,0,2,4,4,9,45,62,0,31,59,6,20,3,15,3,0,13,22
"Cell156",0,39,0,16,4,22,0,0,0,8,35,36,0,4,15,1,54,0,2,10,22,7,4,1,0,42,38,36,0,14,0,17,2,3,0,7,0,2,0,46,39,3,0,39,1,12,99,1,4,51,6,3,3,240,22,124,1,41,0,9,16,55,0,0,5,27,0,7,0,2,12,50,50,0,34,72,11,24,0,8,4,0,23,20
"Cell157",0,19,1,35,3,39,0,0,3,25,59,28,0,2,30,12,27,3,15,26,10,20,12,1,3,29,26,56,0,12,0,16,0,8,0,8,5,1,1,21,29,4,0,22,12,22,122,1,2,78,12,1,8,271,22,121,0,46,0,9,13,65,0,2,5,17,0,8,0,4,4,70,47,0,38,57,7,21,1,14,8,0,11,19
"Cell158",0,48,3,26,5,75,1,0,5,28,95,74,0,13,26,23,48,1,0,14,2,29,8,1,1,38,40,130,0,8,0,16,3,11,0,5,1,1,0,89,76,6,0,33,8,48,169,6,13,94,11,8,12,414,70,190,1,97,0,7,60,78,8,1,9,54,0,8,2,1,7,80,43,0,58,151,31,53,1,24,1,4,18,33
"Cell159",0,58,2,21,6,39,0,0,1,19,57,48,1,4,32,4,44,4,0,20,9,39,8,1,2,20,37,67,0,2,0,18,2,2,3,3,11,10,0,52,46,1,0,36,5,17,154,8,5,48,15,9,6,292,50,146,4,55,0,6,10,51,4,1,8,18,0,8,6,2,5,61,55,0,38,67,30,42,2,19,2,0,15,16
"Cell160",0,23,0,16,2,34,0,0,1,14,41,51,2,3,11,7,29,1,0,15,4,7,1,0,1,16,28,45,0,15,1,7,1,1,4,12,1,1,1,48,36,2,2,39,0,32,157,5,4,56,5,7,2,228,36,124,0,49,0,9,19,53,1,0,8,20,0,7,1,2,7,72,39,1,17,37,7,48,1,9,5,1,11,16
"Cell161",0,40,2,17,10,34,4,0,1,30,83,49,0,7,23,9,70,1,3,40,11,46,5,0,8,45,27,108,0,16,0,14,0,4,2,11,2,1,0,37,102,4,0,22,3,47,128,2,5,82,20,3,12,343,33,143,0,54,0,8,34,141,2,2,3,27,0,4,3,11,6,90,76,0,52,87,36,29,4,11,6,1,9,31
"Cell162",0,14,3,34,1,40,0,0,3,29,59,57,0,6,25,13,42,2,1,20,8,26,1,1,1,43,32,59,0,9,0,7,1,9,1,16,9,5,0,55,78,9,0,39,3,34,144,2,3,64,20,3,22,261,31,116,0,67,0,12,21,58,3,0,4,23,0,15,3,7,23,56,52,0,34,82,20,41,0,6,3,0,25,25
"Cell163",0,75,0,15,2,42,3,0,1,27,61,56,0,4,30,6,30,1,2,30,5,15,0,3,2,28,24,93,0,4,0,23,0,6,0,17,5,1,0,63,94,5,0,37,4,24,142,4,7,99,19,1,8,284,15,125,1,74,1,26,32,41,2,7,12,28,0,3,3,2,2,83,105,0,31,47,23,33,2,8,3,6,5,25
"Cell164",0,23,0,18,2,33,1,0,3,15,25,46,0,6,17,8,52,6,2,18,18,20,2,1,1,51,30,103,0,5,0,7,1,6,6,2,5,1,0,51,95,10,1,34,6,33,148,1,5,56,8,1,8,310,26,121,0,63,0,4,20,69,3,1,15,25,0,3,3,2,10,57,47,0,41,75,17,28,3,8,3,0,19,26
"Cell165",0,53,0,28,9,78,1,0,5,25,80,85,0,18,63,13,86,4,11,51,11,41,6,6,5,46,39,94,0,7,0,23,4,6,0,16,2,7,1,68,96,3,0,74,9,41,224,0,10,84,22,10,22,455,40,215,0,75,0,7,66,72,1,0,19,23,1,12,15,6,14,67,83,0,57,105,22,32,3,22,6,6,16,29
"Cell166",0,50,2,28,3,38,0,0,1,21,77,40,0,2,23,4,48,0,4,35,17,17,0,2,3,8,22,45,0,17,0,12,0,2,3,11,1,3,0,46,68,3,0,24,3,35,142,3,2,84,15,5,3,312,20,105,0,60,0,17,15,67,0,2,5,20,0,3,2,1,3,45,59,0,36,45,32,45,0,8,2,3,7,14
"Cell167",0,36,0,19,4,33,1,0,1,31,60,40,0,4,21,3,28,1,1,24,6,22,12,0,3,19,31,82,0,8,0,10,0,1,3,5,10,3,0,39,72,3,0,37,1,43,186,2,0,85,16,8,12,306,22,116,0,64,0,8,44,70,2,6,8,43,0,2,5,0,6,53,34,0,34,77,20,40,0,21,18,1,23,25
"Cell168",0,42,1,16,1,45,0,0,5,24,61,26,0,7,17,3,31,3,1,29,12,38,1,3,2,18,33,57,0,9,2,19,2,3,0,11,6,10,0,48,76,6,0,34,8,59,158,2,7,74,8,3,5,341,27,119,0,61,0,13,22,130,2,2,13,37,0,13,4,2,6,55,51,0,22,40,29,33,0,17,2,0,5,51
"Cell169",0,33,2,36,3,26,3,0,2,10,46,36,0,8,18,9,49,0,0,20,7,20,1,4,0,19,18,47,0,11,1,9,0,4,1,9,4,2,0,45,50,1,0,25,0,24,113,0,3,27,16,6,2,171,30,86,0,56,0,3,22,52,2,3,14,35,0,8,0,8,1,38,38,0,21,57,14,29,1,8,1,2,12,16
"Cell170",0,18,0,3,0,29,0,0,2,15,31,38,0,3,17,3,31,1,1,10,6,7,3,2,0,13,15,33,0,1,3,4,1,6,0,6,4,3,0,11,25,2,0,29,0,18,80,6,7,61,4,1,0,165,8,70,0,35,0,4,6,41,0,3,23,10,0,6,0,4,4,32,29,0,32,28,16,16,0,5,1,0,15,18
"Cell171",0,32,2,12,10,76,2,0,1,33,61,39,0,6,32,8,56,5,13,11,16,22,6,1,4,19,55,64,0,21,0,9,0,5,1,10,5,1,0,47,64,5,0,37,1,41,238,0,3,85,18,6,1,366,31,82,0,64,0,6,27,87,1,0,11,66,0,3,3,1,16,69,38,0,36,47,13,48,3,16,5,1,20,34
"Cell172",0,57,1,28,6,33,2,0,2,19,36,71,0,4,66,13,22,4,0,37,11,38,4,0,2,31,44,109,0,7,0,20,0,3,2,9,5,0,0,60,57,4,0,42,2,48,188,0,4,90,25,9,2,373,27,115,0,49,0,9,45,48,1,3,15,62,0,6,4,10,8,46,46,0,53,77,19,24,2,0,0,2,5,25
"Cell173",0,37,0,10,1,38,0,0,10,19,56,32,0,10,16,0,43,1,0,17,1,27,1,3,3,14,18,51,0,1,0,10,1,4,2,4,1,1,0,35,63,9,0,35,2,23,98,3,2,37,19,9,1,184,30,62,0,64,0,8,21,66,1,0,6,32,0,7,5,0,8,49,40,0,25,48,8,15,1,6,4,1,10,35
"Cell174",0,70,0,18,3,36,2,0,7,25,70,74,0,15,24,6,46,0,1,35,15,25,0,5,1,24,35,84,0,16,0,27,0,7,4,4,8,1,13,64,65,7,0,32,3,28,176,1,1,93,7,4,4,342,20,149,1,48,0,20,22,55,7,6,8,48,0,10,10,17,1,104,69,9,32,74,33,30,2,21,7,0,22,34
"Cell175",0,54,0,9,2,56,0,1,3,18,32,34,1,6,21,8,45,5,2,26,6,2,3,6,0,21,23,58,0,8,0,3,3,1,0,1,5,0,0,46,45,2,0,22,4,27,154,1,4,56,10,7,19,272,24,108,0,39,0,4,28,77,8,0,11,36,0,1,3,2,3,69,51,0,32,31,19,17,4,4,5,0,12,12
"Cell176",0,39,2,26,3,59,3,0,5,43,62,73,0,7,31,6,54,5,1,49,10,24,1,1,3,38,35,132,0,3,0,16,2,7,0,4,5,2,0,39,69,2,0,83,14,63,244,2,8,82,5,7,5,585,28,107,0,69,0,18,40,71,3,2,13,38,6,9,5,3,15,108,78,0,50,76,15,49,1,8,6,2,22,30
"Cell177",0,27,2,15,0,26,0,0,6,12,32,30,0,2,8,8,24,2,0,6,6,7,2,0,2,31,26,63,0,10,1,9,4,3,0,4,9,1,0,26,48,3,0,17,5,10,104,2,1,33,12,7,5,274,27,74,0,30,0,4,11,33,2,0,10,18,0,5,3,2,6,46,40,1,29,67,12,26,3,6,6,3,19,1
"Cell178",0,48,1,14,5,39,1,0,3,23,35,42,1,3,20,5,33,1,1,23,5,3,3,2,1,31,21,84,0,9,0,4,5,8,5,4,1,3,1,59,72,6,1,31,3,21,146,7,12,57,3,7,8,405,23,115,0,47,2,15,11,89,1,1,11,16,0,12,6,3,17,54,67,0,24,35,20,54,1,23,3,0,10,18
"Cell179",0,36,0,16,0,12,0,0,1,11,40,28,0,4,5,9,15,7,3,10,4,11,0,1,6,18,26,32,0,9,0,9,0,5,0,17,5,4,0,75,56,4,0,27,3,24,101,4,4,45,14,2,3,139,36,84,0,59,0,2,19,46,1,2,7,18,0,2,2,2,3,36,51,0,25,55,14,33,0,9,1,0,8,12
"Cell180",0,44,0,17,4,30,0,0,5,30,50,32,0,7,41,10,72,0,0,37,9,21,3,2,0,36,29,99,0,13,0,8,0,10,2,13,8,11,10,73,74,11,0,53,3,50,237,0,11,101,19,11,2,423,28,134,1,77,0,10,45,81,6,0,10,45,0,8,8,3,13,71,42,0,55,97,29,50,5,8,2,1,18,15
"Cell181",0,33,0,24,5,29,0,0,0,17,65,56,0,6,22,11,27,3,4,40,21,20,6,0,4,33,43,114,0,4,0,11,0,7,0,8,2,4,1,54,44,9,0,35,6,28,154,1,11,57,21,15,2,260,28,97,0,81,1,7,40,82,8,0,10,25,0,25,8,15,8,78,41,0,23,41,38,43,0,10,6,1,7,24
"Cell182",0,41,2,8,1,31,0,0,2,11,47,28,0,3,32,7,34,2,9,19,3,20,1,1,5,18,26,76,0,15,0,19,1,3,0,12,3,2,0,33,50,4,2,27,0,28,111,0,4,70,12,6,1,168,11,168,0,94,0,6,34,44,5,1,12,14,0,2,5,0,7,22,33,0,42,82,25,30,1,14,2,1,20,29
"Cell183",0,42,2,12,3,58,1,0,3,18,66,41,0,4,29,3,38,3,3,17,6,39,4,0,3,42,36,65,0,10,0,5,3,2,0,13,4,6,1,33,42,3,0,29,0,49,209,3,1,78,7,10,7,299,40,137,0,76,1,12,21,93,1,1,4,31,0,9,2,0,10,48,45,0,50,33,25,26,4,8,11,0,19,38
"Cell184",0,20,0,25,8,38,0,0,2,28,61,36,2,2,23,5,44,0,1,12,4,17,0,4,1,19,49,47,0,4,0,6,0,5,6,4,2,1,1,40,52,2,0,15,5,20,110,1,4,79,3,1,4,250,28,86,0,69,0,6,16,33,0,1,4,20,0,8,1,1,23,54,33,0,19,69,11,42,1,3,2,0,20,14
"Cell185",1,46,0,24,0,43,0,0,1,19,81,30,0,5,40,5,70,2,1,21,3,15,0,7,7,21,23,67,0,11,0,5,2,5,1,15,4,1,0,40,53,0,0,31,0,20,219,1,9,85,18,3,4,323,19,142,0,61,0,5,25,58,3,0,12,52,0,5,5,3,7,60,66,0,48,55,10,40,6,10,1,0,26,20
"Cell186",0,38,0,20,7,50,0,1,3,25,46,66,0,10,26,10,38,3,1,17,13,20,3,0,1,31,51,84,0,6,1,11,2,2,5,13,2,0,0,46,42,1,1,40,2,35,127,0,11,72,21,9,7,255,33,123,0,48,0,4,20,45,0,3,15,11,1,5,9,3,10,32,61,0,24,92,17,45,5,11,1,1,21,21
"Cell187",0,78,4,15,4,43,0,0,0,13,35,51,0,13,30,8,26,3,8,48,0,41,2,0,3,25,23,57,0,9,0,9,2,3,1,9,7,4,0,27,59,0,0,32,1,16,122,0,6,60,7,3,2,275,29,113,0,58,0,5,30,49,5,0,1,12,0,15,4,5,5,45,51,0,28,37,8,23,0,15,2,1,8,26
"Cell188",0,42,3,22,6,38,0,0,0,14,91,24,0,11,15,8,34,1,3,19,2,9,7,3,1,19,35,41,0,3,0,6,1,9,1,8,5,2,2,40,53,5,0,30,12,30,156,8,5,50,26,4,21,294,22,124,0,65,0,10,27,73,3,0,15,24,0,9,1,2,7,52,64,0,30,58,18,19,1,10,3,1,11,27
"Cell189",0,29,0,21,4,44,1,0,2,21,37,53,0,5,15,9,34,3,2,9,4,12,6,3,0,25,28,60,0,16,1,6,0,3,1,11,5,2,1,36,48,5,0,46,5,30,152,1,4,79,16,16,5,234,23,94,0,78,0,8,24,53,5,1,5,19,0,9,3,8,11,31,67,0,27,57,5,46,1,3,6,2,10,34
"Cell190",0,33,0,26,3,14,0,1,2,21,44,28,0,2,33,7,43,0,1,24,6,10,0,1,5,15,16,51,0,12,0,13,2,2,0,4,2,3,0,37,32,2,0,29,0,30,112,0,1,53,9,1,4,297,19,89,0,43,0,21,19,52,0,0,7,36,0,6,2,1,12,39,32,0,10,46,15,39,5,3,4,2,14,24
"Cell191",0,38,1,14,1,32,0,0,0,15,35,45,0,2,8,11,20,5,2,25,3,23,8,4,1,38,30,70,0,2,0,8,0,4,1,5,3,1,0,35,49,2,0,22,1,36,150,0,5,73,11,4,1,224,18,113,0,28,1,3,32,60,3,0,10,9,0,1,0,7,10,64,66,1,17,45,17,29,0,11,4,1,7,36
"Cell192",0,87,0,32,0,34,2,0,6,32,61,86,1,6,34,12,67,0,5,12,9,25,4,0,2,26,36,128,0,9,2,13,0,11,5,3,4,5,0,47,66,6,0,28,6,27,163,3,10,77,20,11,8,406,29,157,0,58,0,12,27,63,4,2,11,42,0,9,2,3,8,64,61,0,24,69,23,51,6,19,15,5,15,42
"Cell193",0,51,0,23,5,50,1,0,7,32,45,47,0,4,29,7,36,0,4,39,21,14,3,0,0,41,29,73,0,21,0,11,2,1,0,10,6,2,0,44,86,4,0,24,4,38,92,0,2,58,12,10,1,325,16,143,0,51,0,3,25,95,1,0,4,36,0,11,0,6,1,81,59,0,31,63,20,46,0,12,2,7,8,34
"Cell194",0,37,4,18,4,59,0,0,5,25,35,42,0,9,25,11,41,0,4,12,11,11,2,1,6,26,35,95,0,13,0,8,0,8,2,9,10,0,0,48,61,1,0,38,1,19,130,2,11,56,12,2,2,239,39,128,0,64,0,9,16,59,7,1,4,29,0,6,2,2,8,123,70,0,25,67,21,38,4,14,3,1,7,32
"Cell195",0,44,0,20,4,62,0,0,5,47,73,74,0,14,24,10,32,2,5,22,6,4,5,1,1,38,29,84,0,7,1,14,1,9,0,9,9,3,1,44,63,7,0,52,6,42,231,3,17,65,19,11,2,237,24,129,1,60,0,4,38,33,0,0,21,17,0,9,0,11,11,74,57,0,41,109,36,54,8,14,9,1,12,37
"Cell196",0,25,1,10,8,47,2,0,7,16,55,25,0,5,15,12,18,0,1,25,1,21,4,3,0,26,7,76,0,14,0,8,3,4,3,6,3,3,2,34,42,6,0,35,1,46,155,0,4,62,9,7,5,287,27,84,1,58,0,12,50,47,2,1,4,22,0,11,7,5,7,63,43,2,35,45,23,24,2,10,3,2,27,20
"Cell197",0,40,2,19,8,40,0,0,7,26,56,47,1,3,9,7,16,1,0,10,9,17,7,4,4,21,49,81,0,5,0,12,0,13,0,10,5,4,0,46,47,5,0,44,4,30,125,3,4,59,5,2,5,248,36,98,0,73,0,9,43,58,8,1,4,20,0,4,4,4,7,87,25,0,46,62,13,41,0,7,12,1,27,34
"Cell198",1,34,0,22,2,47,0,0,8,21,66,57,0,6,13,8,55,1,1,18,4,14,3,0,6,45,31,69,0,7,0,8,1,7,1,7,3,0,2,53,83,2,0,45,8,17,124,3,0,120,16,10,1,310,38,133,0,88,0,17,30,53,0,0,14,34,0,3,10,2,11,107,66,1,32,75,36,24,7,13,11,0,31,24
"Cell199",0,28,0,18,5,46,0,0,1,34,45,42,0,11,27,6,48,2,1,26,7,29,6,2,1,21,27,80,0,4,0,7,4,6,0,6,3,8,0,38,48,2,0,35,8,20,154,2,6,83,12,3,3,281,23,102,0,55,0,5,15,57,4,3,8,25,0,9,2,0,3,56,37,2,39,56,33,18,0,5,0,1,18,25
"Cell200",0,65,1,12,1,34,0,0,5,16,39,56,1,5,23,9,42,9,3,27,4,22,2,2,0,33,24,59,0,10,3,6,1,5,1,11,3,0,0,61,79,12,1,56,1,37,194,1,3,77,20,3,2,349,44,138,0,68,0,3,30,37,3,1,12,63,0,18,0,7,11,67,56,0,47,62,27,56,6,10,5,0,29,24
"Cell201",0,42,1,10,5,58,0,0,5,29,67,82,1,5,55,6,70,1,3,22,10,26,2,4,0,40,46,98,0,6,0,6,1,18,5,10,2,3,0,55,76,5,0,60,2,44,159,1,5,125,5,5,4,331,21,142,0,68,0,5,23,63,1,0,9,30,0,5,2,1,6,98,66,0,48,74,22,41,4,11,6,1,12,21
"Cell202",0,46,3,8,2,40,0,3,3,16,76,45,1,5,27,7,49,6,8,16,14,37,2,7,1,28,40,79,0,3,0,12,3,5,1,2,5,2,1,81,38,3,0,39,1,30,185,2,8,45,11,5,11,273,29,92,0,56,0,16,31,63,0,8,8,29,1,18,9,2,3,48,66,0,49,81,27,36,1,7,3,1,11,46
"Cell203",0,14,0,19,0,41,2,0,12,20,43,40,0,1,18,0,33,2,7,16,4,19,4,1,4,16,26,45,0,21,0,3,4,4,4,6,7,2,0,29,34,5,0,35,8,23,155,5,1,28,14,5,1,208,14,58,0,46,0,8,20,35,0,0,9,20,0,8,5,2,6,36,45,0,24,47,12,13,4,4,6,0,6,33
"Cell204",0,45,1,16,16,30,5,0,1,6,41,39,0,2,23,10,25,9,4,11,11,20,2,0,1,29,29,57,0,2,0,7,1,7,1,17,0,0,0,42,71,8,0,33,6,19,130,0,5,71,7,3,9,276,41,113,1,72,0,3,28,69,4,2,4,27,0,12,3,2,1,29,40,0,31,33,13,46,2,6,7,0,11,12
"Cell205",0,67,1,25,2,29,1,0,1,17,53,49,0,3,33,2,43,2,6,26,3,16,4,2,0,10,47,63,0,2,1,5,0,2,0,3,7,4,0,72,54,11,0,20,4,30,135,4,1,86,10,12,3,208,21,101,0,67,0,6,24,52,1,1,10,12,1,8,0,5,7,69,54,0,29,60,15,35,1,16,1,0,11,26
"Cell206",0,25,0,33,6,38,0,0,3,11,66,55,1,8,22,6,33,10,2,35,12,12,5,4,3,23,30,73,0,7,0,10,0,7,0,6,13,0,0,46,45,2,1,36,1,31,154,1,13,92,16,2,3,178,14,117,0,41,0,5,27,77,2,0,6,25,0,3,7,1,1,56,55,0,23,62,41,37,1,3,7,1,17,28
"Cell207",0,45,2,29,4,53,0,0,2,18,53,64,1,4,32,3,59,6,0,28,5,25,0,0,1,48,37,77,0,11,0,20,0,3,0,8,2,8,0,50,87,4,0,47,9,37,139,4,7,92,11,5,4,338,31,137,2,49,1,9,23,93,0,0,5,19,0,6,6,0,3,111,46,1,46,110,31,40,8,7,12,2,35,63
"Cell208",0,39,3,24,7,30,1,6,2,15,38,36,0,6,29,10,40,1,2,23,4,15,0,3,4,24,30,57,0,3,0,5,3,3,4,10,5,2,0,50,50,9,0,31,6,17,161,1,2,50,19,6,1,201,13,147,0,50,0,15,26,67,7,1,5,18,0,7,4,3,11,106,59,0,28,91,22,16,2,6,3,1,12,25
"Cell209",0,74,0,43,3,72,2,0,2,25,54,75,0,7,28,4,84,3,10,20,15,48,7,5,5,33,40,118,0,7,0,7,2,9,1,22,8,2,0,65,81,12,0,82,6,70,177,4,5,112,8,9,1,413,44,164,0,102,0,8,28,88,3,7,10,67,0,12,14,5,5,55,87,0,40,79,19,40,2,13,9,2,10,55
"Cell210",0,69,2,20,11,59,0,0,1,18,61,71,0,1,14,14,48,4,0,16,17,26,2,3,10,23,20,63,0,7,1,12,1,8,0,8,1,3,3,40,76,1,0,48,2,30,143,1,1,107,17,5,7,388,50,135,0,81,0,7,42,95,1,0,6,32,0,27,5,1,6,44,73,0,36,65,44,61,1,10,2,0,24,31
"Cell211",0,73,0,33,5,40,19,0,6,33,100,52,3,8,37,12,57,4,4,51,16,18,1,6,9,39,67,128,0,16,0,10,6,18,0,5,7,2,0,69,105,0,1,46,14,35,198,5,12,91,14,11,6,354,41,179,1,68,0,20,27,92,4,2,13,58,0,5,1,10,10,76,121,0,25,106,30,55,6,14,6,2,17,22
"Cell212",0,42,0,14,0,21,3,0,0,17,46,22,0,4,16,16,39,3,2,9,3,6,1,0,2,22,27,64,0,4,0,5,1,7,3,8,3,1,0,37,50,1,0,21,0,38,113,3,1,56,9,3,1,176,13,61,1,49,0,2,17,51,4,0,6,24,0,7,0,0,10,46,22,0,22,36,8,29,0,8,8,0,6,26
"Cell213",0,59,4,27,0,57,0,0,0,39,67,77,0,8,32,15,38,4,3,24,10,17,2,1,6,49,23,71,0,9,0,8,0,4,1,12,3,4,0,40,47,4,0,76,6,22,171,0,7,63,16,8,3,277,28,146,0,65,0,7,18,45,0,1,13,19,0,3,2,5,7,53,31,0,24,55,15,34,1,10,6,6,16,23
"Cell214",0,33,0,22,6,50,0,0,2,42,48,78,0,5,13,5,40,4,3,27,4,15,3,1,2,16,54,92,0,13,0,8,4,15,0,9,10,1,0,51,74,7,1,52,3,49,173,2,3,87,9,1,4,232,31,122,0,44,0,16,29,50,1,0,14,44,0,10,7,6,2,40,81,0,35,79,7,35,2,1,1,4,7,16
"Cell215",0,53,2,14,2,32,3,0,8,48,39,30,0,3,8,13,40,3,8,13,2,15,3,3,0,23,28,69,0,3,0,12,2,4,3,11,1,2,1,63,34,5,0,34,5,26,152,0,3,89,13,4,14,248,33,122,0,54,0,5,44,53,4,0,20,43,0,8,4,13,4,51,33,0,33,72,21,60,2,16,4,0,9,21
"Cell216",0,50,0,15,1,40,2,0,5,13,33,49,0,7,26,18,58,0,6,29,2,11,2,2,4,21,29,68,0,15,0,10,2,10,2,7,4,13,0,63,58,2,0,40,5,36,155,0,5,55,8,13,2,236,30,97,1,82,0,4,28,93,3,4,17,53,1,6,1,1,11,82,46,0,27,60,22,35,2,15,6,2,13,22
"Cell217",0,55,1,20,1,33,0,0,1,32,25,50,0,3,29,16,22,4,0,31,2,18,10,2,0,27,11,88,0,7,0,7,2,2,1,8,4,5,0,48,60,7,0,45,0,26,169,0,2,25,8,2,4,226,24,114,0,47,1,8,13,66,2,2,18,43,0,3,2,4,13,62,44,1,21,61,13,39,2,11,6,0,15,33
"Cell218",0,46,2,10,2,62,3,0,1,19,37,78,2,2,24,14,31,3,2,19,9,24,4,3,0,23,35,89,0,6,0,7,0,6,1,8,4,1,0,58,79,7,1,48,11,28,188,2,11,108,19,18,12,318,39,124,0,60,0,6,35,70,0,4,16,31,1,11,1,1,11,76,85,0,29,58,23,30,4,16,5,1,7,17
"Cell219",0,64,2,23,1,54,6,0,0,36,89,83,1,14,32,13,61,3,2,35,5,20,3,1,4,47,36,74,0,14,0,19,0,8,0,5,5,7,0,45,69,3,0,34,4,42,214,7,9,89,19,9,3,289,26,158,0,104,0,19,54,76,5,0,28,45,0,4,4,4,11,106,69,0,40,78,9,44,1,22,5,1,20,22
"Cell220",0,34,3,25,4,18,0,0,0,23,39,26,0,1,23,7,31,0,4,16,11,8,3,1,0,13,24,24,0,10,0,5,1,2,0,4,4,3,0,34,34,1,0,27,2,19,90,1,7,44,4,2,3,235,16,72,0,27,0,1,38,60,0,0,7,24,0,4,1,4,1,48,25,0,29,31,14,32,1,6,6,0,5,27
"Cell221",0,44,0,8,0,35,0,0,4,24,46,59,0,4,25,6,53,1,2,20,6,19,2,2,1,26,34,53,0,16,1,5,3,7,1,25,0,3,1,33,48,5,1,37,12,30,130,2,11,67,14,2,0,252,37,124,0,69,0,7,39,72,1,0,16,42,2,7,1,1,5,57,63,0,49,42,15,45,4,10,17,1,8,13
"Cell222",0,33,0,26,4,18,0,0,1,17,39,58,0,10,27,11,49,1,2,10,4,35,0,2,4,33,17,45,0,5,0,9,1,3,0,5,8,2,0,69,49,3,0,26,0,21,104,2,6,64,8,7,8,350,33,134,0,48,0,4,32,71,9,0,15,34,3,4,3,2,9,93,63,0,28,51,8,50,0,5,2,2,14,21
"Cell223",0,42,0,12,1,28,1,0,3,28,70,34,1,3,17,12,63,3,1,14,9,13,7,2,2,23,43,50,1,10,0,9,1,9,0,8,2,5,0,51,49,4,0,44,9,32,161,3,3,59,10,3,7,298,27,88,0,75,0,5,28,81,5,1,13,30,0,12,4,3,7,59,43,0,23,62,13,27,1,12,4,6,11,29
"Cell224",0,54,0,13,6,37,0,0,6,15,72,50,0,3,36,4,40,6,1,29,8,15,6,2,3,25,32,67,0,3,1,16,2,2,0,9,7,5,0,50,66,8,0,56,11,38,219,3,9,59,24,5,2,342,35,243,0,76,0,12,30,99,2,0,10,13,0,3,7,10,5,46,81,1,51,54,28,34,0,8,6,0,20,38
"Cell225",0,43,1,26,1,40,1,0,4,16,80,35,0,2,16,29,30,1,6,24,10,21,6,1,5,23,38,82,0,9,0,7,2,4,2,3,0,2,0,31,44,3,0,38,11,23,202,1,9,74,7,17,9,220,39,135,1,47,0,5,41,102,10,1,12,24,0,2,7,1,5,47,26,1,46,103,7,31,1,5,4,2,19,30
"Cell226",0,50,2,23,21,35,1,0,6,20,79,50,0,6,27,4,39,5,5,18,11,15,3,2,1,39,28,76,0,8,0,7,0,3,1,5,2,1,0,54,65,6,0,41,7,57,170,0,10,65,6,6,3,255,36,120,0,81,0,7,29,42,0,1,8,36,0,2,3,2,8,73,35,0,34,101,36,49,8,13,4,1,18,41
"Cell227",0,31,0,18,6,58,0,0,0,27,71,50,2,7,40,7,35,2,2,14,8,27,4,2,1,25,30,90,0,8,0,8,0,5,0,9,19,4,0,28,59,7,0,33,2,37,141,2,9,70,8,8,3,202,45,126,0,75,0,8,48,69,5,0,17,34,2,8,7,0,3,53,22,0,29,65,9,34,1,5,0,1,8,21
"Cell228",0,80,4,14,0,54,0,0,0,37,50,46,4,5,23,13,75,1,1,21,9,17,3,3,5,40,38,77,0,8,0,10,0,9,3,8,5,1,0,43,82,9,0,46,4,34,145,0,1,82,17,4,4,336,20,151,0,49,0,11,54,97,1,1,13,36,0,6,2,3,5,100,51,0,37,87,26,49,3,8,5,4,25,26
"Cell229",0,72,1,26,3,50,0,0,9,35,78,72,2,4,54,16,62,3,7,44,11,29,11,0,14,45,34,127,0,12,3,29,1,8,6,8,9,2,0,72,69,19,2,60,4,52,286,3,10,112,34,22,5,363,65,238,0,90,0,12,43,96,5,2,33,43,0,14,5,5,16,99,50,4,83,138,14,40,2,29,9,0,16,36
"Cell230",0,55,1,28,3,24,0,0,2,23,43,34,0,5,33,8,23,2,1,19,7,10,3,1,2,19,20,32,0,8,0,6,3,2,2,9,7,2,5,46,56,5,0,29,5,25,160,1,2,68,2,3,1,252,26,126,0,85,0,7,25,51,0,0,7,33,0,5,1,5,7,58,51,0,25,61,14,38,1,12,1,1,12,25
"Cell231",0,39,1,25,1,43,1,0,3,26,60,40,0,8,37,8,43,1,1,39,6,7,2,5,2,19,38,46,0,11,0,5,1,4,0,10,4,2,0,35,40,16,0,52,4,27,186,1,9,41,10,7,7,228,15,82,0,56,0,5,28,65,0,2,4,25,0,6,8,1,7,91,57,0,39,56,17,31,0,15,5,2,15,25
"Cell232",0,35,2,10,8,46,1,0,7,14,76,30,0,0,48,11,73,2,7,20,9,52,6,3,3,12,40,79,0,12,1,13,0,6,0,7,6,3,1,66,78,7,0,47,8,34,199,0,2,83,23,3,12,284,35,142,0,47,2,10,39,49,7,1,14,42,0,8,2,3,2,57,69,2,32,44,14,33,3,5,9,3,13,30
"Cell233",0,62,1,19,7,46,0,0,2,43,103,54,1,14,19,18,35,5,4,48,7,36,3,3,2,41,38,115,0,5,1,20,0,12,0,11,3,3,1,74,67,14,0,59,1,82,253,4,0,110,34,14,2,409,21,152,0,59,0,8,33,120,6,3,6,46,1,25,8,1,5,101,64,0,42,97,38,67,0,11,8,0,20,36
"Cell234",0,32,4,7,4,42,0,0,1,9,35,29,0,3,20,6,64,0,3,23,1,12,0,0,2,25,43,62,0,4,0,14,0,13,2,7,0,12,0,51,35,5,0,49,8,35,113,0,1,66,22,4,3,231,33,100,0,35,0,9,42,82,3,4,4,30,0,3,2,5,7,62,75,0,38,23,13,32,1,1,8,5,28,10
"Cell235",0,29,0,13,4,49,0,0,3,14,46,35,0,5,16,4,21,2,0,20,7,23,1,0,0,16,25,31,0,7,0,2,0,6,0,4,1,0,0,31,46,1,0,23,0,30,71,2,3,46,21,4,0,300,6,82,0,83,0,7,25,66,2,4,9,20,0,4,0,5,4,27,51,0,24,68,7,31,2,13,4,0,19,29
"Cell236",0,78,0,18,3,24,2,0,1,29,76,69,0,5,43,8,56,6,4,18,16,31,2,0,1,49,50,72,0,11,1,2,0,16,2,8,10,0,0,53,94,8,0,54,11,41,189,1,4,100,16,6,5,314,41,156,1,83,0,20,42,77,3,3,6,40,0,7,3,1,17,67,64,0,51,97,15,38,2,20,16,0,32,41
"Cell237",0,41,1,10,4,33,5,0,3,14,50,31,0,5,28,8,29,5,1,31,4,13,3,2,0,23,23,71,0,7,1,12,0,7,0,0,5,2,0,19,40,6,0,40,1,40,122,5,1,64,9,1,8,194,22,64,0,46,1,9,42,48,2,0,11,12,1,1,6,6,6,22,50,1,26,40,8,18,1,2,4,0,13,9
"Cell238",0,34,1,18,2,39,0,0,5,14,57,46,0,5,17,12,56,0,5,14,11,25,1,2,3,24,25,38,1,8,0,13,0,1,0,2,5,2,0,25,41,4,1,25,10,12,131,7,6,50,10,3,7,248,22,102,0,38,0,4,19,54,1,0,6,21,0,1,8,1,18,42,51,0,13,25,14,42,0,9,12,1,10,17
"Cell239",0,25,0,29,5,28,0,0,0,24,45,45,0,1,20,10,34,0,3,24,6,8,3,2,3,39,28,46,0,7,0,15,0,4,0,6,2,4,0,44,63,2,0,39,2,22,140,2,6,55,16,2,7,324,14,81,0,48,0,22,19,46,0,0,5,32,0,2,2,5,8,66,21,0,10,34,6,32,2,12,1,0,11,13
"Cell240",0,43,2,14,10,40,0,0,2,22,40,73,0,12,29,19,50,1,3,30,5,17,0,7,1,16,25,127,0,6,0,14,3,13,2,11,6,0,0,60,37,3,0,56,8,29,168,1,14,86,26,6,5,290,16,171,0,84,0,6,24,84,5,2,14,21,0,6,0,2,7,95,50,2,16,50,47,40,7,5,3,0,15,22
"Cell241",0,102,0,29,9,57,0,0,11,33,89,61,0,9,34,7,45,4,3,16,14,12,4,2,3,27,34,114,0,12,0,6,1,4,1,7,1,3,2,40,66,3,0,49,13,51,202,4,6,88,11,5,5,394,31,187,3,47,0,8,46,100,2,1,12,24,1,5,6,3,10,82,69,0,47,115,30,58,3,7,5,1,29,34
"Cell242",0,58,0,15,1,41,0,0,0,23,46,39,1,3,26,18,24,0,4,28,10,6,3,2,5,25,28,50,1,13,0,9,0,8,2,17,1,0,2,27,87,9,1,41,1,20,171,2,1,69,11,8,2,183,34,137,0,27,0,4,21,66,4,0,6,34,0,2,3,0,4,68,56,0,34,55,19,37,3,3,1,0,7,30
"Cell243",0,28,1,16,3,20,5,0,2,21,39,59,0,9,26,6,41,13,6,13,5,13,2,3,2,20,32,68,0,10,0,15,1,11,1,6,2,2,1,35,39,9,0,25,0,18,151,1,1,64,7,7,3,180,7,114,1,56,0,8,24,64,4,1,12,30,0,7,2,3,8,36,61,0,24,42,17,38,0,11,2,1,9,31
"Cell244",0,38,0,14,3,26,0,0,5,31,28,70,0,5,34,9,33,1,0,30,4,12,0,2,0,37,22,73,0,11,1,10,3,1,1,4,3,1,0,59,49,4,0,58,1,24,170,1,1,75,8,6,3,252,18,130,0,75,0,10,39,86,1,2,1,29,0,1,4,0,10,81,48,0,17,57,18,45,2,14,2,0,5,15
"Cell245",0,28,0,22,1,48,2,0,1,23,92,51,0,5,29,12,66,1,6,13,6,30,2,3,1,46,37,83,1,8,0,15,0,6,0,5,3,2,0,59,103,4,0,18,2,23,186,5,10,78,10,5,9,344,12,142,1,48,0,9,36,71,3,1,16,40,0,12,11,1,13,60,38,0,27,77,31,37,1,19,1,0,11,34
"Cell246",0,67,0,25,2,27,1,0,1,22,56,35,0,1,22,7,28,3,4,48,15,15,9,2,0,27,23,83,0,6,0,12,0,3,1,12,14,3,1,44,95,2,0,37,9,41,163,0,7,61,6,3,6,243,37,99,0,71,0,5,40,95,2,0,9,20,0,12,4,3,8,66,51,1,40,28,27,37,0,21,8,2,18,21
"Cell247",0,80,2,10,0,23,0,0,1,30,83,70,0,14,26,13,36,5,2,26,7,17,2,4,1,21,44,83,0,13,0,22,1,9,0,11,7,0,0,66,41,6,2,28,3,38,235,2,8,107,38,6,11,458,28,136,0,61,2,9,22,87,0,0,7,39,0,27,6,9,11,109,80,0,38,74,15,51,7,13,4,4,21,36
"Cell248",0,36,1,23,2,49,3,0,2,15,44,45,0,0,30,7,46,1,4,15,8,15,0,1,1,25,27,56,1,7,0,4,2,5,0,7,6,0,0,31,41,1,0,22,2,36,138,0,2,77,18,1,9,233,32,90,0,68,0,4,37,69,2,0,19,24,0,7,3,6,6,54,36,0,22,54,23,27,0,16,2,2,8,28
"Cell249",0,50,0,23,1,42,2,0,7,14,75,77,0,5,22,6,32,4,0,20,5,26,7,4,0,20,33,52,0,8,0,15,0,7,1,7,4,2,0,53,57,3,0,35,0,34,129,5,6,68,14,2,13,328,15,115,0,58,0,10,30,52,4,4,5,28,2,9,0,4,8,41,56,0,58,76,15,33,5,7,4,0,17,27
"Cell250",0,27,0,14,3,32,2,0,2,17,26,24,1,8,27,6,30,0,2,9,1,16,1,3,5,24,36,55,0,10,0,14,1,2,1,3,6,2,1,26,48,5,0,28,9,18,117,0,11,74,10,1,7,263,27,78,0,30,0,5,26,52,0,4,4,29,0,2,2,4,10,39,33,0,34,54,10,14,0,19,10,1,15,29
"Cell251",0,40,2,4,2,19,1,0,2,26,32,38,0,1,19,1,39,0,0,26,9,16,4,1,2,14,32,45,0,9,0,11,0,5,0,10,4,2,0,36,36,4,0,58,0,32,167,5,4,55,7,3,1,241,12,72,0,38,0,3,15,88,5,3,5,48,0,11,3,8,5,68,47,0,40,37,7,21,0,11,3,2,8,17
"Cell252",0,46,1,19,1,30,0,0,4,18,48,37,0,1,28,3,61,0,1,25,13,15,5,1,2,26,17,65,0,6,0,14,5,7,0,4,1,0,0,26,92,0,0,34,0,14,165,0,3,53,10,0,8,216,15,86,0,43,0,6,10,27,0,0,8,15,0,14,1,1,4,64,44,0,15,49,17,25,6,16,15,1,7,31
"Cell253",0,38,1,6,0,21,0,0,0,27,75,28,0,0,16,7,19,0,2,27,10,12,6,0,1,16,25,41,0,15,0,5,0,6,0,2,3,0,0,33,34,3,0,21,1,9,114,1,2,53,18,0,1,174,6,67,0,23,0,1,20,52,1,1,1,24,0,1,2,1,5,15,26,0,31,36,4,42,2,11,3,0,13,9
"Cell254",0,47,3,7,1,30,0,0,0,15,33,38,0,4,19,13,18,0,6,18,6,23,1,2,0,17,31,60,0,33,0,7,1,9,1,5,4,8,0,29,67,11,0,41,0,30,150,0,8,66,19,3,8,277,14,82,0,47,0,10,22,37,2,7,5,16,0,11,4,0,9,54,27,0,31,54,14,10,3,13,3,3,12,22
"Cell255",0,62,1,11,3,32,1,0,0,16,50,41,0,8,17,5,14,0,7,29,2,8,1,7,1,26,17,53,0,2,0,22,0,4,0,9,7,2,0,39,36,0,0,42,1,23,126,1,5,74,6,0,2,172,27,55,1,43,0,13,20,45,3,1,7,30,0,1,3,2,5,40,45,0,44,64,15,30,0,6,0,0,12,21
"Cell256",0,35,1,20,3,38,0,0,1,7,41,41,0,14,36,9,52,1,3,15,14,38,6,6,1,19,38,53,0,13,0,17,2,10,3,6,4,2,0,62,92,6,0,53,3,20,168,3,1,105,35,11,10,309,21,132,0,88,0,1,42,58,6,3,8,60,0,3,0,2,5,50,58,0,47,72,10,50,1,14,10,0,14,51
"Cell257",0,37,2,24,6,38,0,1,4,23,41,38,0,4,19,7,34,2,3,18,3,11,3,0,2,21,10,66,0,10,0,6,0,7,0,6,2,7,0,44,46,1,0,56,4,20,116,1,6,43,4,2,3,220,14,58,0,28,0,10,17,70,0,2,4,15,0,3,5,2,5,68,26,0,16,41,5,19,1,5,1,0,11,20
"Cell258",0,64,0,20,7,27,1,1,4,26,39,54,0,8,20,8,38,2,1,25,2,18,3,3,3,15,26,51,0,12,0,7,1,2,1,13,6,3,0,30,57,1,0,25,7,21,155,13,6,45,14,2,3,319,36,147,0,64,0,10,34,85,0,0,10,25,0,2,1,2,9,61,49,0,18,79,27,26,0,15,9,4,28,29
"Cell259",0,56,0,17,6,27,0,0,11,27,62,46,1,9,24,8,44,5,3,30,5,29,0,0,3,20,51,85,0,2,0,11,0,7,5,0,4,1,1,66,74,6,0,46,4,37,176,5,1,69,14,9,8,233,21,143,3,52,0,5,28,54,0,4,14,38,0,9,3,5,4,58,55,0,39,70,22,36,0,5,1,0,13,38
"Cell260",0,81,0,10,1,56,0,0,2,31,46,34,4,9,36,12,57,3,7,30,6,27,4,4,2,45,45,75,0,8,0,20,0,8,0,7,0,3,0,55,66,2,0,47,9,55,203,1,5,72,24,5,9,343,23,119,0,68,0,6,27,90,0,0,11,44,0,4,2,11,7,77,69,0,58,36,13,43,0,23,3,2,24,33
"Cell261",0,36,0,25,4,41,0,0,4,19,34,37,0,6,14,3,27,5,2,22,14,29,6,0,3,22,30,43,0,11,0,11,5,5,0,6,7,2,0,29,50,2,1,28,3,26,159,1,4,41,14,3,3,255,30,122,0,61,3,8,25,76,0,1,9,37,0,4,1,2,3,36,29,0,29,31,13,44,1,10,8,1,14,28
"Cell262",0,35,7,15,5,21,1,3,2,28,45,49,0,10,28,17,48,6,3,26,1,6,3,2,2,10,23,55,0,8,0,3,0,9,0,15,2,1,0,28,22,0,0,29,3,18,140,4,0,47,28,7,6,229,24,138,0,58,0,4,18,27,0,0,4,13,0,18,0,0,3,53,44,0,29,71,11,26,0,14,2,0,17,8
"Cell263",0,65,3,14,8,39,0,0,5,21,64,39,1,7,41,8,67,3,3,26,16,19,0,5,0,59,36,114,0,11,0,16,0,7,1,9,1,4,2,55,96,5,0,36,5,21,127,1,9,93,9,7,14,284,13,143,0,58,0,5,38,67,5,0,12,27,0,9,10,2,7,51,70,1,49,62,26,46,1,27,8,0,15,35
"Cell264",0,41,1,9,0,39,0,0,6,26,69,52,0,4,25,6,30,1,2,22,5,41,2,2,0,24,45,60,0,7,1,4,2,13,5,8,3,2,0,32,58,7,2,28,5,39,155,2,5,42,15,3,4,308,28,111,0,61,1,8,41,55,4,2,18,17,0,11,10,2,8,40,42,0,24,56,12,20,5,15,3,1,16,29
"Cell265",0,30,1,8,1,20,0,0,0,11,55,17,0,3,17,4,9,0,1,16,7,10,0,0,3,25,18,43,0,0,0,3,1,4,1,4,1,0,0,27,35,7,0,27,1,10,111,0,1,53,9,4,7,200,20,70,0,40,0,6,23,45,1,0,3,24,0,1,4,0,2,49,21,0,17,50,6,26,3,10,2,0,10,16
"Cell266",0,33,2,17,8,47,1,0,3,15,89,53,0,5,45,14,46,1,0,25,2,22,4,0,4,35,37,69,1,22,0,11,0,2,0,19,7,15,0,58,35,9,0,37,13,33,194,1,2,75,22,7,2,391,20,89,0,70,0,0,22,91,1,2,10,17,0,8,7,2,8,94,64,0,31,61,9,39,1,3,1,0,9,20
"Cell267",0,46,0,14,9,40,0,0,1,29,71,73,0,16,19,15,40,0,9,20,10,13,2,0,1,31,40,75,0,10,0,18,6,3,1,19,6,2,1,41,54,8,1,28,6,43,267,8,5,97,20,6,8,370,19,137,0,80,0,11,34,51,4,11,15,43,0,16,1,5,14,41,80,0,34,87,28,41,6,6,8,0,34,24
"Cell268",0,36,0,28,4,30,2,0,6,21,45,82,1,12,61,10,36,4,1,24,6,16,3,1,4,24,31,78,0,10,0,9,4,11,5,9,3,0,0,65,50,4,0,43,6,38,137,5,8,51,16,6,5,237,16,124,0,53,0,9,27,54,1,9,5,36,0,4,2,5,5,64,33,2,43,47,26,34,4,9,7,0,13,24
"Cell269",0,53,0,30,5,38,0,1,0,27,78,67,0,5,33,13,61,1,1,33,2,26,4,3,4,18,50,100,0,9,0,7,1,8,0,8,2,2,2,60,73,9,2,50,8,38,204,6,2,79,7,2,4,381,45,157,1,96,0,3,32,93,0,0,14,41,0,3,5,3,1,92,45,0,32,92,19,52,1,37,4,0,27,24
"Cell270",0,28,0,10,1,19,0,0,0,8,40,35,0,4,14,6,15,3,0,17,16,27,5,0,0,10,12,57,0,2,0,7,1,8,0,5,5,0,0,46,42,5,0,23,2,13,132,1,6,46,14,1,6,286,11,57,0,61,0,3,20,27,0,4,12,22,0,11,0,2,3,64,38,0,22,57,9,22,4,13,4,0,7,12
"Cell271",0,29,3,57,5,46,0,0,1,29,71,58,0,16,35,5,45,1,2,22,12,34,2,1,0,25,44,70,0,9,1,5,0,5,6,7,12,0,1,69,94,1,0,58,2,40,156,0,4,84,18,5,8,436,48,128,0,74,0,14,22,95,5,3,25,44,0,5,2,5,3,83,56,0,31,108,15,22,7,10,5,0,15,28
"Cell272",0,35,1,32,1,20,1,0,2,25,62,64,0,7,17,6,41,8,0,36,2,22,3,2,3,38,38,69,0,10,1,3,0,19,0,10,8,2,0,44,48,4,1,42,10,41,136,3,4,75,27,4,4,270,20,147,0,54,1,12,12,37,1,6,10,29,0,5,0,1,16,39,44,0,23,46,24,51,1,8,5,0,26,19
"Cell273",0,60,2,7,0,41,2,0,2,31,78,34,1,7,28,16,62,1,4,18,2,26,4,3,5,19,37,79,0,6,0,6,2,10,4,10,2,2,0,50,45,12,1,34,6,31,179,7,5,59,19,1,3,271,48,105,0,69,0,12,31,112,9,5,16,21,0,6,4,9,6,76,49,0,22,63,16,35,4,8,1,3,21,16
"Cell274",0,34,0,17,6,55,2,0,6,27,56,39,1,5,29,5,30,0,5,37,1,37,2,8,1,16,24,110,0,11,2,22,2,8,0,6,7,2,0,26,62,3,0,34,8,32,170,3,4,48,23,6,4,240,21,104,0,64,0,5,46,88,2,5,16,46,0,7,3,1,2,57,56,0,40,49,12,42,1,8,2,0,11,32
"Cell275",0,30,3,10,9,31,2,0,1,8,26,36,2,1,25,4,26,3,0,16,2,25,2,2,2,30,13,39,0,4,0,2,3,5,0,4,1,1,0,38,49,1,0,23,3,29,127,0,11,57,8,5,6,255,11,114,0,40,0,4,37,54,1,2,6,20,0,13,5,3,9,39,21,0,25,36,14,30,0,5,2,0,22,18
"Cell276",0,29,4,25,0,19,4,0,0,16,45,51,2,8,20,6,24,0,6,22,10,23,1,1,5,38,33,32,0,12,0,7,0,8,0,3,1,0,1,45,53,1,0,33,1,37,110,2,1,75,4,6,4,198,28,129,0,55,0,2,34,47,2,3,7,18,1,0,1,1,4,73,44,0,26,49,14,29,1,5,6,1,6,26
"Cell277",0,36,1,7,0,34,0,0,2,17,32,50,0,1,16,4,37,0,8,11,16,26,1,2,4,33,32,58,0,4,0,14,0,7,0,2,5,2,0,81,64,5,0,24,2,16,162,4,1,75,14,4,13,211,15,96,0,46,0,9,18,72,1,3,7,33,0,6,7,0,19,35,22,0,25,94,24,20,2,4,5,2,13,5
"Cell278",0,34,2,9,2,26,4,0,0,14,40,50,1,5,20,13,25,0,0,34,6,26,1,1,2,23,32,69,0,5,0,7,0,11,0,17,3,2,2,64,55,0,0,33,1,27,132,0,0,61,19,7,1,215,15,85,0,52,0,9,12,73,4,2,5,20,0,3,0,3,1,75,24,0,21,77,15,24,2,8,10,2,9,46
"Cell279",0,49,2,17,17,67,0,0,0,35,80,58,0,12,37,8,54,0,5,36,21,19,5,3,0,39,34,69,0,13,0,4,0,6,1,11,4,2,2,69,100,3,1,66,3,38,223,3,11,90,13,8,3,290,62,135,1,82,0,22,27,69,4,8,11,47,0,8,6,1,5,105,89,0,26,55,41,53,0,17,11,0,20,40
"Cell280",0,52,3,8,0,28,0,0,5,16,40,43,0,2,22,12,54,3,4,16,1,14,6,2,0,37,30,44,0,3,0,11,2,4,1,6,2,3,0,57,66,5,0,35,4,54,179,7,7,55,13,1,1,348,17,133,0,55,0,6,25,68,1,1,11,24,0,8,1,11,8,68,53,0,28,54,17,44,6,11,10,0,11,37
"Cell281",0,51,1,21,4,39,0,0,10,19,93,31,0,3,46,8,48,9,8,20,11,25,2,5,3,47,40,46,1,5,0,3,5,6,0,16,3,2,0,48,49,2,0,47,4,35,187,3,10,58,2,2,2,356,30,136,2,89,0,4,38,62,3,2,16,18,0,5,4,4,5,112,52,0,40,47,13,41,2,13,12,0,5,47
"Cell282",0,46,2,22,3,43,0,0,2,18,65,77,1,3,35,8,41,6,7,25,16,32,4,0,1,49,39,67,0,10,0,17,1,2,0,9,3,1,0,45,43,7,0,64,10,51,170,0,5,69,14,8,3,416,18,138,0,68,0,9,66,65,3,0,6,22,1,8,1,5,5,70,46,0,56,66,18,63,7,12,8,0,10,25
"Cell283",0,33,0,10,3,28,0,0,2,19,38,45,0,8,23,7,21,1,4,17,2,14,3,3,1,25,25,47,0,6,1,10,2,10,3,11,9,5,2,60,54,0,0,24,1,33,145,1,13,54,16,2,12,226,23,100,0,51,0,6,27,69,0,0,9,34,0,4,0,7,7,81,41,0,32,51,18,28,0,30,5,0,8,15
"Cell284",0,22,4,13,4,29,0,0,0,25,64,30,0,3,40,5,26,0,1,34,5,27,6,5,0,28,26,70,0,9,0,8,1,5,0,5,6,0,0,52,78,3,0,53,2,23,168,2,9,76,9,9,11,339,22,88,0,48,1,8,26,50,1,0,6,37,0,1,4,3,9,81,39,0,35,53,7,44,3,14,3,4,26,19
"Cell285",0,37,3,8,3,36,0,0,4,10,26,32,0,13,8,1,47,4,1,16,5,14,3,0,0,26,26,52,0,2,0,8,4,3,0,7,0,2,0,22,33,5,0,26,3,21,120,2,2,48,8,3,8,178,16,75,0,42,0,8,26,30,1,1,12,32,0,17,0,1,4,58,44,2,10,30,29,32,0,4,8,0,20,26
"Cell286",0,57,1,36,7,38,0,0,0,40,48,47,0,6,21,7,46,5,3,34,6,12,6,3,6,45,52,93,0,8,0,7,3,12,3,9,3,6,0,42,42,5,0,48,13,35,187,8,3,48,19,9,3,298,45,148,0,56,0,9,24,33,0,0,13,36,1,8,4,4,9,67,48,0,30,59,16,42,4,17,6,0,19,15
"Cell287",0,50,0,11,4,47,0,0,2,16,74,81,1,7,24,2,44,5,2,28,11,23,8,12,3,13,30,76,0,15,0,10,1,9,0,14,12,1,1,72,47,9,4,24,9,28,162,1,8,103,32,7,15,308,24,160,0,43,0,12,20,66,0,3,12,27,0,16,1,5,12,69,58,0,32,64,13,57,1,24,9,1,16,22
"Cell288",2,70,0,20,4,41,2,0,0,32,34,28,0,3,29,5,41,1,3,34,3,5,2,4,1,32,26,71,0,15,0,10,1,6,1,8,5,1,1,50,44,3,0,35,2,18,143,0,9,95,11,11,3,289,27,135,0,52,0,4,20,93,3,0,19,20,0,16,2,4,14,29,51,0,23,69,30,35,1,9,7,1,29,25
"Cell289",0,51,3,16,2,50,3,0,1,29,49,43,1,5,24,11,22,5,1,29,7,11,1,1,0,21,48,51,0,2,2,17,2,11,0,7,6,0,0,40,67,4,0,33,4,22,156,2,5,65,9,13,4,270,41,104,0,63,0,18,32,57,2,3,7,29,1,18,1,2,12,67,42,0,30,78,10,37,0,10,8,1,14,24
"Cell290",0,70,2,12,2,23,2,0,0,27,65,61,0,4,30,13,42,1,5,28,4,18,8,2,3,52,30,101,0,15,2,20,0,1,0,11,4,2,0,52,63,11,0,54,3,37,173,2,3,62,10,0,9,196,39,149,0,61,0,8,31,99,3,4,16,36,0,8,1,1,11,109,59,0,28,77,20,77,1,13,7,0,6,34
"Cell291",0,34,1,12,8,30,6,0,6,18,28,37,0,0,31,7,43,0,0,41,1,15,2,2,5,18,34,61,0,10,2,21,3,5,2,8,2,6,0,54,46,0,0,51,0,27,178,10,10,56,15,11,6,314,40,112,0,53,0,15,23,36,0,2,9,42,0,9,0,8,5,65,60,0,36,95,29,31,4,6,5,0,19,18
"Cell292",0,31,0,9,2,35,0,0,0,21,92,59,0,8,13,9,31,3,5,21,4,20,5,0,2,36,41,58,0,11,0,10,0,4,0,6,0,3,0,71,42,1,0,34,6,34,183,2,3,57,14,4,6,253,22,141,0,85,0,10,26,70,0,3,12,38,0,5,2,1,17,32,69,0,25,58,14,42,2,8,9,8,7,34
"Cell293",0,39,3,22,3,44,0,0,3,13,57,72,1,6,30,15,53,0,4,21,7,38,1,6,4,26,32,80,0,12,0,14,2,9,0,10,0,5,0,44,71,6,1,55,3,30,140,3,3,49,12,3,11,251,28,116,0,76,0,7,38,53,4,1,17,23,0,10,2,2,8,83,62,0,52,126,11,30,1,11,6,1,22,22
"Cell294",0,43,0,27,0,37,0,0,2,19,49,37,0,9,7,9,55,4,2,24,3,10,2,0,1,16,37,46,0,11,0,4,1,5,0,8,1,1,0,15,55,3,0,30,4,32,117,3,3,48,2,2,18,177,11,84,0,42,0,3,26,42,2,0,17,22,0,2,3,1,7,75,37,0,12,19,11,32,0,6,6,3,14,30
"Cell295",0,70,1,19,6,70,0,0,4,14,50,35,3,10,20,9,56,2,6,12,8,24,2,6,2,24,34,79,0,5,0,7,2,5,0,4,3,4,0,79,52,3,0,64,12,20,179,1,1,65,7,5,1,403,25,221,1,56,0,14,35,60,2,1,13,33,0,7,8,7,9,77,86,2,54,47,16,56,2,4,6,2,19,22
"Cell296",0,28,2,10,1,29,1,0,4,30,60,44,2,10,39,9,27,2,0,36,1,30,5,1,6,29,36,78,0,7,0,15,3,6,0,11,1,0,1,47,57,0,0,39,2,30,117,2,13,87,19,4,11,314,30,116,1,67,3,3,19,77,3,1,19,19,0,11,1,1,3,60,47,0,43,52,23,37,3,16,3,0,13,43
"Cell297",0,36,0,19,0,27,0,0,1,11,50,44,0,4,21,14,37,0,2,18,6,11,3,1,0,23,26,78,0,7,0,9,4,4,0,10,0,5,0,39,29,4,0,29,6,20,102,2,5,74,15,2,13,268,23,105,2,52,0,10,22,62,5,3,3,10,0,4,2,1,3,40,38,0,19,53,11,31,1,21,5,2,8,29
"Cell298",0,31,2,8,6,41,3,0,4,18,57,51,1,10,30,10,45,3,3,25,4,31,1,0,2,21,27,82,0,6,0,15,0,10,0,8,4,6,1,71,71,5,0,57,13,21,160,1,6,54,20,8,13,309,27,129,0,73,0,5,25,84,3,1,5,40,0,4,0,0,4,90,54,0,39,50,23,26,8,7,19,4,14,21
"Cell299",0,87,0,22,0,49,0,0,0,29,65,63,0,6,40,13,68,14,2,55,11,11,3,2,4,24,57,98,0,7,7,15,1,10,2,9,1,3,0,86,79,6,0,43,0,25,152,6,5,69,26,2,7,346,35,158,1,71,0,6,37,64,3,1,8,66,0,4,9,1,15,108,58,0,33,86,8,36,1,15,8,7,12,48
"Cell300",0,38,0,27,1,41,0,0,2,6,50,16,0,2,32,9,39,11,4,23,5,17,1,6,6,33,23,45,0,10,1,9,0,4,0,11,3,4,0,51,39,2,0,26,1,16,102,1,4,65,6,6,1,232,32,110,0,41,0,10,20,42,3,0,8,28,0,4,3,2,6,67,37,0,33,51,23,32,0,10,2,1,13,22
"Cell301",0,51,0,8,7,35,0,0,2,13,63,53,1,6,27,12,41,3,4,15,9,18,1,10,2,21,37,38,0,8,3,16,0,11,0,9,8,4,0,37,36,6,0,24,5,20,156,2,1,68,13,8,0,252,27,123,0,41,0,19,40,59,9,3,3,29,0,2,1,3,9,45,56,0,31,66,12,24,1,12,3,1,20,16
"Cell302",0,48,0,20,3,42,0,0,0,17,53,64,0,2,18,14,32,1,6,33,19,19,8,3,1,22,32,102,0,17,0,20,0,4,1,9,7,2,0,36,92,0,1,51,5,29,167,10,0,88,10,5,10,332,25,148,0,79,0,7,48,66,2,1,24,37,0,16,3,2,7,97,46,0,49,32,26,28,4,16,8,1,22,30
"Cell303",0,21,1,8,3,60,0,0,4,23,41,41,0,1,24,2,49,5,3,14,5,24,4,4,3,27,42,49,0,6,0,4,1,7,2,17,4,7,0,69,60,7,2,19,5,21,149,4,5,46,4,3,0,251,33,94,0,47,0,8,42,80,0,0,9,34,0,11,1,4,5,38,47,0,23,31,5,35,0,14,6,0,14,26
"Cell304",0,70,1,18,4,39,2,1,4,27,76,74,0,10,32,18,50,0,4,21,5,47,6,0,0,75,63,106,0,17,1,13,2,13,1,16,7,4,0,68,59,8,1,38,3,45,221,4,3,131,12,3,18,354,46,180,3,97,0,6,45,130,3,5,14,56,0,11,2,7,8,53,118,0,45,95,20,78,3,19,5,0,19,59
"Cell305",0,31,0,31,4,24,2,0,5,14,66,71,6,11,20,11,32,0,3,26,19,32,2,0,0,42,36,70,0,10,0,4,0,6,1,16,3,0,0,73,68,2,0,22,10,33,167,2,6,59,34,2,4,315,28,67,0,77,0,6,44,62,2,3,15,29,0,5,1,2,7,96,51,0,21,88,27,24,2,7,2,0,16,27
"Cell306",0,46,1,16,2,43,0,0,1,42,67,51,2,12,33,21,44,5,2,19,10,11,8,0,1,41,31,51,0,6,2,8,4,9,0,4,1,4,0,61,40,4,1,38,9,42,248,2,8,76,14,3,2,280,21,134,0,71,1,10,33,58,0,2,7,35,0,13,0,4,10,53,36,0,39,80,31,36,2,10,4,1,17,22
"Cell307",0,32,0,23,6,46,0,0,6,19,35,43,0,3,15,17,25,1,1,27,8,27,2,0,1,13,33,83,0,6,1,5,2,0,0,10,8,1,1,63,44,4,1,36,8,19,143,0,3,66,5,9,3,222,30,120,0,53,0,7,22,72,1,2,17,32,0,4,0,3,7,76,34,0,28,64,17,22,2,11,4,3,2,19
"Cell308",0,29,2,29,2,45,1,0,10,19,71,51,2,8,34,9,44,5,4,14,10,14,8,2,2,30,49,95,0,9,1,7,0,11,0,8,2,0,0,38,93,4,0,22,10,28,140,4,3,45,17,4,16,339,33,107,0,85,0,11,25,41,0,3,13,27,0,12,6,3,9,65,46,1,24,108,10,32,0,17,3,0,16,21
"Cell309",0,45,4,17,7,30,3,0,5,12,41,63,0,5,22,17,43,0,0,22,9,12,3,4,3,5,25,78,3,14,0,11,1,8,0,9,2,1,0,31,43,2,0,15,4,20,167,1,4,67,16,5,4,297,27,118,0,68,0,4,47,84,1,1,16,29,0,7,0,4,6,124,46,0,16,63,20,51,3,16,2,0,13,36
"Cell310",0,55,0,10,2,28,0,0,1,20,69,55,0,4,31,2,24,0,2,22,2,17,3,1,0,13,18,59,0,10,0,10,0,7,0,5,3,1,0,50,56,3,0,20,0,17,124,0,2,65,15,1,9,179,13,94,0,48,0,7,20,38,12,5,12,32,0,3,7,3,3,71,31,0,10,69,34,24,2,16,7,1,12,7
"Cell311",0,34,0,12,3,37,0,0,1,9,29,47,0,5,12,7,23,1,2,17,5,27,10,1,2,14,23,46,0,3,0,7,0,8,2,8,4,4,0,42,58,5,2,28,1,32,147,0,7,65,3,0,5,218,14,102,0,40,0,7,32,70,3,0,8,13,0,5,5,3,5,29,44,0,32,41,7,39,0,11,1,0,8,15
"Cell312",0,68,0,17,0,54,3,0,0,25,87,56,0,7,43,9,44,0,0,26,2,14,2,5,2,23,64,74,0,17,0,3,0,8,0,10,6,2,0,38,76,8,0,40,5,53,229,2,2,58,15,9,6,291,36,131,0,41,0,5,45,91,0,0,12,41,0,9,5,15,4,65,84,0,30,72,11,54,4,10,4,2,25,38
"Cell313",0,74,2,19,4,41,0,0,15,25,87,62,2,17,35,21,49,3,5,22,13,36,1,0,3,30,52,52,0,20,2,9,0,7,4,16,3,1,0,34,91,10,0,59,5,53,186,0,10,105,23,3,3,336,42,168,0,96,0,11,33,83,2,0,7,44,0,10,13,2,6,89,48,0,41,94,12,35,1,23,10,4,22,43
"Cell314",0,22,0,8,1,22,1,0,0,11,32,31,0,13,11,8,46,0,1,20,1,21,0,2,3,8,14,38,0,21,0,8,0,3,0,10,3,0,0,37,23,5,0,24,0,16,101,4,2,42,19,3,2,168,24,74,1,24,0,4,16,27,1,0,10,21,0,4,0,1,4,48,30,0,15,38,10,23,0,3,1,0,7,14
"Cell315",0,34,2,8,3,17,0,0,2,16,30,26,0,0,9,5,9,1,0,12,2,12,0,0,0,14,24,45,0,5,2,9,0,8,0,1,6,0,1,27,37,5,0,14,5,13,112,2,10,31,5,2,1,138,6,54,0,38,0,10,19,15,1,0,5,17,0,2,0,8,6,24,28,0,9,19,7,17,2,9,2,0,15,6
"Cell316",0,46,0,9,5,40,0,1,8,28,33,58,3,2,9,12,46,0,1,21,1,10,4,0,0,10,27,72,0,2,0,8,0,6,0,10,7,2,1,31,40,4,0,44,1,22,133,1,7,88,23,2,4,222,9,107,0,55,0,7,17,77,0,2,8,33,0,14,5,6,2,46,40,2,24,39,29,43,1,19,2,0,23,13
"Cell317",0,54,0,24,4,38,0,0,7,32,53,32,0,7,38,11,29,4,1,25,10,14,7,9,1,9,21,92,0,2,2,9,0,8,2,7,4,0,0,61,68,6,0,26,6,41,142,3,10,48,10,1,16,243,18,88,0,79,0,4,40,49,2,0,7,17,0,6,1,3,9,57,74,0,18,61,12,42,1,9,2,0,22,16
"Cell318",0,35,1,29,8,37,1,0,1,23,70,64,0,3,36,4,39,0,3,11,8,18,5,1,2,19,25,80,0,6,0,4,2,9,0,12,3,3,2,34,71,7,0,35,5,29,160,6,5,74,7,1,2,155,25,114,0,49,0,2,29,91,0,5,8,33,0,5,1,3,7,66,41,0,37,61,13,51,4,8,7,1,20,31
"Cell319",0,59,0,16,0,17,0,0,4,31,50,76,0,4,28,1,57,4,2,14,5,12,1,4,1,28,28,48,0,18,0,6,0,4,0,0,2,2,0,54,62,0,0,34,0,27,126,2,5,75,34,8,7,238,26,71,0,59,0,13,28,63,0,2,11,18,0,4,1,2,8,59,72,0,26,54,33,35,5,6,5,3,8,21
"Cell320",0,31,7,10,2,33,4,0,1,27,36,61,0,3,17,2,53,4,2,21,3,18,0,0,1,18,31,52,0,11,0,8,0,5,0,10,0,3,0,40,45,2,0,35,3,33,102,1,6,54,16,2,0,166,18,121,0,48,0,2,13,66,6,7,3,14,0,4,6,5,20,45,43,0,25,47,22,32,0,16,9,1,10,13
"Cell321",0,45,1,21,2,14,2,0,0,27,40,40,0,8,13,4,40,3,6,19,6,14,1,5,0,26,23,69,0,4,0,12,3,6,2,17,5,0,0,51,72,2,1,43,1,66,149,0,6,65,13,4,5,258,14,111,0,32,0,11,26,53,0,3,9,21,0,10,1,10,9,53,39,0,35,55,31,26,0,12,4,0,13,22
"Cell322",0,68,2,27,8,40,0,0,1,19,55,65,0,16,42,0,29,3,1,35,13,4,1,3,1,22,52,61,0,4,0,16,0,6,5,3,1,0,0,45,96,1,0,41,1,40,141,5,7,92,8,10,14,284,28,109,0,78,0,3,30,63,9,0,11,53,0,6,3,1,6,60,70,0,24,73,33,31,0,15,3,0,8,27
"Cell323",0,32,1,16,6,25,0,1,4,35,49,50,1,2,39,8,47,1,1,21,9,15,5,5,4,17,25,45,0,6,2,9,0,4,0,9,0,2,0,73,42,3,0,39,0,27,173,2,8,66,11,7,1,305,22,128,0,42,0,3,31,50,1,2,5,32,0,6,3,6,17,34,53,0,31,44,19,54,2,9,1,0,16,24
"Cell324",0,35,0,15,5,37,5,0,2,21,28,31,1,4,26,15,32,2,2,11,0,12,4,2,0,18,24,38,0,5,0,3,4,9,0,3,1,0,0,43,41,6,0,42,4,19,131,8,0,51,10,10,4,202,36,143,0,58,0,6,35,72,3,1,7,38,0,3,0,4,4,72,45,0,25,53,7,30,1,5,1,0,12,22
"Cell325",0,39,0,11,2,19,0,1,1,31,50,36,0,14,13,7,31,0,0,23,4,18,3,0,2,18,14,37,0,7,0,4,1,1,3,5,0,2,0,50,19,2,0,7,5,19,105,4,6,44,12,0,0,180,11,61,0,38,0,3,12,51,6,1,5,30,0,2,2,0,5,51,28,0,42,37,8,11,1,6,0,1,17,18
"Cell326",0,37,2,12,1,37,0,0,0,14,39,70,0,5,34,6,48,0,0,20,5,28,2,0,1,34,30,49,0,9,1,9,3,2,2,5,1,1,0,32,23,2,0,37,10,30,152,4,1,53,11,1,2,257,29,118,1,41,0,7,20,77,4,2,8,27,0,6,3,6,7,78,37,0,31,69,21,18,1,3,8,0,14,22
"Cell327",0,36,2,22,8,53,2,0,3,33,57,76,0,11,33,23,76,3,8,20,9,40,1,2,3,38,53,147,0,14,0,4,2,8,0,20,7,4,2,80,68,11,0,43,1,35,219,5,13,82,21,3,31,384,45,117,0,55,0,6,57,142,5,4,20,43,0,8,8,4,14,88,70,0,48,124,13,68,2,28,8,5,12,41
"Cell328",0,41,0,25,4,33,0,0,8,16,75,62,0,5,40,13,40,6,3,41,8,46,14,2,3,31,24,56,0,18,1,6,2,9,5,10,3,1,3,28,40,3,0,30,4,56,247,0,6,79,4,6,8,301,31,101,0,63,0,12,24,61,2,4,8,41,0,2,6,0,5,53,62,2,30,89,33,35,0,7,2,0,25,27
"Cell329",0,46,0,20,1,26,0,0,8,7,53,22,0,8,37,10,47,3,3,30,6,17,1,0,1,12,18,44,0,6,0,8,1,10,2,10,0,2,0,37,65,5,0,25,2,35,86,6,5,58,7,1,7,212,21,96,0,86,0,4,25,61,2,1,9,26,0,2,4,1,10,68,36,0,29,48,11,18,6,10,7,0,13,14
"Cell330",0,32,0,16,3,27,0,0,6,38,54,55,0,8,27,11,41,1,7,31,12,29,7,0,1,43,46,48,0,19,0,19,0,4,1,12,4,3,1,41,71,6,0,28,4,43,168,2,0,60,7,1,17,264,36,141,2,89,0,2,38,32,2,5,14,44,0,4,3,6,8,49,46,0,50,58,30,44,0,14,1,1,16,44
"Cell331",0,42,0,3,1,21,0,0,0,11,38,38,0,1,29,4,19,4,3,21,4,24,1,2,0,16,44,94,0,0,0,3,2,0,1,6,3,1,0,52,54,5,0,34,4,32,132,1,1,57,7,5,5,182,29,89,0,54,0,7,21,55,0,1,5,28,0,11,11,3,2,77,48,0,30,47,23,38,2,10,5,0,9,20
"Cell332",0,31,0,12,6,32,1,0,1,15,89,51,0,2,8,12,59,3,3,23,8,30,0,2,2,37,34,55,0,16,0,9,1,8,1,6,6,4,0,45,99,4,0,37,3,24,122,3,3,76,13,3,11,238,25,127,0,53,0,14,34,83,5,1,6,37,0,6,1,4,10,43,54,0,30,50,6,27,3,6,1,0,22,23
"Cell333",0,20,2,5,4,21,0,0,0,6,32,42,0,2,9,3,34,1,1,20,2,3,0,1,5,14,17,35,0,6,0,2,2,6,0,5,2,0,0,25,48,1,0,15,0,16,82,2,2,30,3,6,8,226,15,81,0,25,0,1,13,56,1,2,1,14,0,5,0,1,1,22,45,0,13,16,1,37,0,3,2,2,9,17
"Cell334",0,27,0,11,4,46,8,0,0,27,44,64,4,0,29,18,29,0,3,19,10,23,2,2,2,44,22,86,0,19,0,8,1,4,0,11,0,3,0,50,59,4,0,72,4,40,142,4,5,90,29,5,2,283,28,148,0,82,0,5,47,79,3,0,10,19,0,8,5,2,6,59,71,0,32,63,12,37,0,20,4,0,6,16
"Cell335",0,19,0,21,15,40,0,0,6,36,58,68,0,6,40,17,52,6,5,27,8,26,3,3,6,31,31,69,0,8,0,17,4,20,3,3,10,6,0,61,102,7,2,52,4,25,220,2,12,94,19,5,17,365,19,123,0,79,0,9,42,82,2,2,12,16,0,6,4,1,14,71,62,0,24,83,26,54,3,7,11,0,13,37
"Cell336",0,51,6,14,3,21,0,0,0,17,50,21,1,2,26,5,26,1,11,11,9,14,10,0,1,25,46,51,0,11,1,16,2,5,0,7,1,9,0,31,31,0,0,30,2,32,158,5,11,52,14,6,4,265,30,109,1,79,0,9,31,60,0,2,4,15,0,10,1,1,6,51,43,0,36,53,15,73,1,7,4,1,11,20
"Cell337",0,28,0,7,1,36,0,0,5,10,45,44,0,3,35,6,13,2,4,21,2,22,1,3,1,24,30,67,0,8,0,12,1,12,0,12,1,1,0,44,48,1,0,12,1,22,125,6,11,71,17,2,9,178,24,112,0,60,0,11,24,33,5,3,10,16,0,7,2,5,16,41,34,0,41,53,35,32,0,24,4,2,10,19
"Cell338",0,66,0,19,2,33,1,0,7,30,49,33,1,8,38,7,78,2,10,25,2,22,4,3,1,29,27,98,0,9,0,11,2,3,1,6,4,2,0,27,88,12,0,40,2,24,182,20,0,64,9,1,1,243,15,193,0,97,0,7,36,86,3,3,4,71,0,7,4,2,16,85,72,0,41,82,43,28,3,5,6,2,6,24
"Cell339",0,42,7,30,3,56,0,0,3,19,61,61,1,0,31,17,46,2,3,16,6,30,4,1,2,20,36,70,0,12,0,23,0,3,0,11,11,1,0,47,72,8,0,45,2,35,164,4,7,93,21,3,1,314,67,139,0,69,0,6,34,76,0,0,12,41,0,9,7,2,1,56,60,0,48,68,28,51,6,6,9,0,19,53
"Cell340",0,32,1,17,1,30,0,5,8,21,40,50,0,7,25,5,26,1,1,15,10,15,1,0,4,14,25,42,0,9,1,9,3,2,2,13,7,1,0,21,59,0,0,32,1,18,156,1,2,65,15,7,2,261,21,69,0,50,0,5,19,55,0,1,12,7,0,3,1,6,5,71,51,0,31,61,16,60,3,8,3,1,11,31
"Cell341",0,45,1,31,7,33,1,0,1,21,38,36,0,4,23,10,33,3,1,28,5,33,0,0,4,27,15,54,0,20,0,10,0,11,2,9,2,2,1,25,53,3,0,28,5,34,173,3,1,71,8,10,7,252,48,166,0,39,0,10,47,80,0,0,11,23,0,6,5,3,3,69,57,1,36,45,23,18,5,17,7,0,7,25
"Cell342",0,47,1,14,0,26,0,0,2,7,41,33,6,4,19,1,32,0,2,18,8,18,3,0,1,21,28,50,0,14,2,8,0,3,0,8,4,0,0,32,37,3,0,15,1,23,72,0,7,27,2,6,3,219,18,74,0,25,0,3,31,27,0,1,2,18,0,2,0,0,0,19,25,0,15,56,17,37,0,11,0,1,5,28
"Cell343",0,41,4,19,7,45,0,0,3,34,91,73,0,4,31,19,56,2,3,28,4,45,12,6,1,28,45,68,0,7,0,15,0,11,2,7,6,4,1,75,45,6,3,47,1,30,177,4,10,70,18,6,0,399,31,125,1,42,0,8,42,96,1,4,14,14,1,3,5,13,5,35,67,0,26,78,22,45,3,8,16,1,10,24
"Cell344",0,50,4,19,1,25,0,0,1,26,46,35,0,2,16,13,44,0,4,18,11,26,3,2,0,23,24,51,0,11,0,4,3,4,0,9,2,5,1,75,63,8,0,63,6,33,176,7,15,51,5,3,2,197,30,145,0,35,0,13,44,60,3,2,9,13,0,1,1,5,13,61,45,0,32,70,21,46,1,11,1,3,14,19
"Cell345",0,45,2,25,5,53,2,0,2,22,77,50,2,8,20,10,44,3,5,25,11,30,2,0,1,23,46,96,0,7,3,9,0,5,0,8,3,1,0,66,53,13,0,38,4,45,204,0,1,78,11,5,12,291,19,144,0,55,1,6,40,85,1,1,16,33,0,12,6,4,7,48,61,0,23,66,27,33,2,7,4,2,23,34
"Cell346",0,37,1,24,1,41,2,0,4,20,59,89,2,3,29,19,29,5,3,28,13,21,7,0,1,32,33,60,0,7,1,9,3,2,0,14,13,1,0,48,59,1,0,46,3,41,199,0,3,63,12,3,4,331,47,128,0,75,0,17,36,85,1,1,7,13,0,7,1,12,12,84,54,0,54,47,23,28,0,7,7,1,19,29
"Cell347",0,14,1,28,0,25,1,0,3,20,38,40,3,6,33,5,46,1,3,22,3,33,3,4,4,30,31,39,0,10,2,5,2,6,0,11,3,3,0,52,47,3,0,34,1,28,137,0,1,63,14,2,6,223,23,123,0,83,0,5,27,42,1,1,7,15,0,4,5,4,6,72,33,0,30,56,17,51,0,12,6,7,7,18
"Cell348",0,41,1,14,1,69,0,0,0,7,43,40,0,8,30,9,43,7,0,19,0,31,6,1,0,30,26,49,0,10,0,9,0,4,0,13,5,7,0,23,40,5,0,24,10,49,134,5,7,70,26,3,2,272,27,107,1,69,0,6,46,69,3,4,11,39,0,4,2,0,7,34,80,0,30,35,14,53,2,8,6,0,14,25
"Cell349",0,35,1,33,0,28,2,0,2,18,45,39,1,8,29,4,67,3,4,39,3,20,6,9,2,26,26,50,0,22,0,8,0,6,2,6,5,0,0,28,62,3,0,38,0,50,205,2,1,86,13,0,5,357,29,170,0,43,0,15,43,53,1,9,4,33,0,4,6,6,10,83,72,0,28,51,19,41,1,12,1,0,11,24
"Cell350",0,10,1,12,1,35,0,0,1,24,47,38,0,5,13,10,32,0,2,15,2,16,2,9,7,37,33,56,0,13,0,4,1,5,0,1,0,1,0,56,37,1,0,19,4,42,103,1,2,40,28,3,0,234,15,79,0,51,0,6,14,84,1,2,4,20,0,1,3,2,8,35,36,0,18,20,21,45,1,2,2,1,10,25
"Cell351",0,54,0,17,8,48,0,0,1,19,49,50,0,2,50,10,35,3,4,26,14,44,4,4,4,39,19,79,0,9,1,14,2,6,2,4,4,1,0,47,75,4,0,43,2,38,168,3,17,84,15,5,0,243,35,122,0,69,0,18,31,93,1,0,11,57,6,9,2,4,6,44,48,0,23,76,33,37,2,7,10,1,25,12
"Cell352",0,35,5,20,6,53,0,0,9,7,48,45,2,3,33,7,42,3,4,26,3,21,0,0,7,40,29,86,0,9,0,12,3,11,0,9,4,4,0,44,48,11,0,49,0,37,141,10,8,101,25,6,1,378,20,147,0,70,0,10,38,65,6,0,9,26,1,10,1,12,16,43,66,1,44,46,20,56,2,9,5,1,14,22
"Cell353",0,47,2,8,1,22,0,0,5,9,81,70,1,3,11,5,54,3,1,21,3,20,0,8,3,21,43,39,0,2,2,15,0,2,2,5,3,2,0,34,32,3,0,28,3,20,179,0,5,56,5,6,2,285,23,118,0,53,1,7,26,34,7,2,13,44,5,6,0,2,13,41,42,1,27,45,13,53,2,3,4,1,5,26
"Cell354",0,27,1,14,2,23,1,2,2,31,37,49,0,1,41,12,54,1,1,14,8,15,0,1,1,27,31,44,0,6,0,9,2,4,0,7,5,5,3,24,43,3,0,59,7,29,128,0,4,70,14,10,10,199,19,87,0,60,1,2,36,63,2,0,2,30,0,9,10,8,5,56,42,0,24,55,9,32,2,9,1,2,8,32
"Cell355",0,50,0,14,0,29,0,0,0,26,41,43,1,1,39,4,37,3,1,28,12,19,2,1,2,20,36,58,0,4,0,12,2,5,0,5,1,1,0,29,31,15,0,36,3,20,147,1,5,55,17,2,5,239,12,86,0,42,0,6,17,66,1,0,3,33,1,11,2,3,3,46,55,0,27,67,9,33,0,12,2,0,6,24
"Cell356",0,44,0,9,2,19,0,0,0,15,60,38,0,5,26,6,34,2,2,21,3,10,0,3,3,14,32,75,0,5,1,4,0,2,0,7,2,1,0,33,53,0,0,36,3,24,137,3,4,73,11,4,2,214,15,80,0,56,0,4,9,56,0,2,6,19,1,2,4,3,6,64,42,0,9,74,11,28,2,2,7,2,12,28
"Cell357",0,19,0,12,2,18,0,0,8,15,44,20,0,5,21,9,34,1,1,12,5,17,2,0,0,16,25,22,0,4,0,10,0,2,0,3,2,0,0,35,52,11,0,14,7,32,93,3,0,34,8,1,3,281,18,67,1,24,0,2,38,57,3,1,18,37,0,0,2,3,5,45,42,0,20,46,9,18,1,6,3,0,19,18
"Cell358",0,26,0,7,1,19,0,0,0,14,31,45,0,8,37,11,30,0,1,17,6,10,2,6,7,13,20,78,0,0,0,13,0,5,0,9,3,4,0,41,44,1,0,31,9,20,117,1,3,44,18,1,0,211,12,88,0,62,0,3,36,41,5,2,16,23,1,8,1,4,8,36,71,0,15,68,8,54,1,9,2,0,10,25
"Cell359",0,66,0,22,0,43,0,0,2,15,41,51,0,5,20,1,55,1,2,18,19,27,12,5,2,47,31,75,0,13,0,6,1,5,0,8,1,2,1,62,80,6,0,26,3,62,170,1,6,82,2,2,11,308,44,114,3,67,0,4,55,58,9,3,11,33,0,6,4,6,12,63,62,0,41,108,12,45,6,13,9,0,10,30
"Cell360",0,50,0,15,1,30,2,0,2,20,46,57,0,2,14,5,34,2,2,30,6,24,2,1,3,14,37,70,0,6,0,10,0,3,4,17,0,5,0,33,60,1,3,32,4,21,147,3,2,76,14,5,1,339,19,78,0,64,0,10,21,75,1,0,17,29,0,16,6,2,9,64,90,0,47,55,24,28,2,6,1,1,20,28
"Cell361",0,45,0,8,8,21,1,0,2,17,44,36,0,11,26,14,23,0,0,5,2,6,3,0,1,20,18,42,0,8,0,8,2,6,0,3,1,2,0,31,28,4,0,15,3,24,126,2,5,44,15,2,0,204,19,72,0,34,0,3,18,45,2,0,4,12,0,5,0,3,4,35,35,2,20,52,15,33,4,2,2,1,8,23
"Cell362",0,33,1,9,10,21,0,0,2,16,48,36,0,15,27,11,28,0,5,11,2,32,6,0,1,10,23,62,0,7,0,10,1,2,0,5,5,5,0,43,45,6,0,50,2,21,106,2,4,39,7,2,7,320,29,93,0,73,0,10,32,99,4,3,3,30,0,6,1,1,4,67,62,0,23,82,16,26,2,20,6,4,19,16
"Cell363",0,20,0,15,1,21,0,0,2,20,44,16,0,5,21,3,45,3,4,16,15,18,0,2,1,9,31,81,0,13,0,6,0,5,0,1,6,0,1,40,51,0,0,51,2,40,141,1,4,43,14,0,6,232,18,116,2,34,0,2,29,65,0,0,2,21,0,0,3,1,10,23,41,0,45,58,27,40,0,17,0,1,15,27
"Cell364",0,44,1,15,2,27,0,0,10,18,35,51,1,3,18,12,36,2,3,14,6,13,1,1,2,24,19,73,0,9,0,0,1,9,0,6,4,2,0,67,38,1,0,32,8,25,183,1,3,70,8,2,5,265,26,98,0,38,0,1,23,59,1,5,14,25,0,1,4,2,5,35,45,1,20,46,20,34,4,25,4,1,9,18
"Cell365",0,18,0,14,3,33,0,0,1,14,41,39,0,0,20,2,25,1,0,24,7,8,0,0,2,12,20,50,0,4,0,2,0,7,2,5,6,1,0,38,44,9,0,41,2,27,121,0,5,58,1,11,4,215,28,89,0,52,0,9,26,54,2,0,9,27,0,3,1,9,14,51,34,0,36,29,27,35,0,17,7,2,8,14
"Cell366",0,23,4,14,3,36,0,0,2,16,56,46,0,5,36,18,33,3,1,25,9,19,2,0,3,22,24,70,0,5,2,13,1,10,0,9,2,4,0,28,51,5,1,27,3,19,165,5,4,107,11,6,2,322,24,85,0,83,0,9,24,92,4,0,9,33,0,12,9,2,3,39,52,0,43,44,11,42,2,25,3,4,8,28
"Cell367",0,45,5,13,6,59,0,0,2,20,55,62,0,4,31,15,36,0,1,27,9,3,6,2,2,27,30,82,0,11,0,4,0,7,6,8,5,3,0,50,34,12,0,41,3,36,138,1,2,101,11,6,1,278,31,96,0,62,0,11,22,58,1,1,12,32,1,8,7,7,11,72,81,0,48,106,10,24,0,18,1,1,17,48
"Cell368",0,31,2,18,0,31,5,0,8,9,48,50,3,5,39,18,49,5,1,28,9,15,5,1,3,20,19,68,1,8,3,13,3,10,6,14,4,1,1,34,44,2,0,49,7,25,215,3,16,110,15,2,12,305,20,132,0,64,0,11,33,82,2,0,16,36,0,8,3,2,17,48,77,0,24,73,28,50,1,9,1,0,27,51
"Cell369",0,29,1,18,5,37,0,0,5,13,53,36,0,5,19,12,52,1,6,30,12,16,5,2,1,16,17,90,0,25,0,8,1,2,1,8,1,3,0,28,57,4,0,41,11,30,145,3,13,75,4,0,10,292,22,108,0,39,0,7,23,53,1,0,6,30,0,3,0,0,9,65,52,0,37,53,31,41,1,13,2,0,10,37
"Cell370",0,27,0,18,0,21,2,0,1,7,26,30,1,1,16,5,31,2,0,10,6,12,1,0,0,13,16,39,0,11,0,2,0,4,0,3,1,0,0,16,33,2,0,14,1,14,96,0,1,33,3,3,3,176,9,82,0,33,0,3,28,24,1,0,6,16,0,2,3,0,4,43,32,0,19,56,13,21,0,9,1,0,4,12
"Cell371",0,67,2,26,1,31,0,0,0,30,46,31,0,8,17,14,59,1,3,26,5,15,7,1,1,24,21,50,0,9,1,8,0,2,1,4,3,2,0,46,81,11,0,28,0,23,145,0,6,50,21,6,5,287,9,119,0,54,0,5,47,79,1,1,6,20,0,10,2,7,6,48,60,0,24,80,15,32,3,15,3,1,14,28
"Cell372",0,68,2,11,5,49,0,0,3,29,90,73,0,2,24,13,47,1,3,15,5,25,5,0,3,50,31,89,0,10,1,14,1,10,0,6,5,2,2,76,93,3,1,55,4,24,137,6,6,107,19,3,6,287,22,147,1,81,0,15,44,53,3,2,14,29,3,24,5,5,5,68,65,0,52,45,18,33,6,13,11,4,22,37
"Cell373",0,32,4,20,1,33,0,0,3,16,82,50,0,8,32,17,35,1,1,16,5,38,1,2,1,14,31,56,0,10,0,8,4,11,0,6,1,5,0,80,66,2,0,38,8,25,199,1,5,95,12,4,0,304,18,129,1,63,0,4,25,74,1,3,5,17,0,21,8,5,11,48,49,0,43,36,50,36,4,8,5,0,17,14
"Cell374",0,67,5,8,4,33,8,0,0,8,60,19,0,6,20,5,48,2,3,23,5,26,0,1,2,11,30,74,0,4,2,19,0,6,0,9,7,6,0,58,55,3,0,26,2,31,145,8,4,62,13,2,5,206,25,81,0,35,0,5,13,54,0,1,9,21,0,4,1,0,8,66,58,0,24,76,28,36,0,15,7,0,16,16
"Cell375",0,80,0,18,0,25,0,0,0,38,83,39,0,2,32,8,30,3,3,24,12,20,7,3,5,33,22,62,0,9,0,12,1,7,1,14,7,1,0,68,69,1,0,46,3,47,169,4,5,61,14,5,3,394,31,115,0,58,0,11,17,81,0,0,14,34,0,2,1,6,2,71,63,0,26,71,13,27,2,23,10,0,20,29
"Cell376",0,47,0,7,5,40,1,0,8,34,55,52,0,9,20,7,56,1,4,30,5,21,2,0,3,22,36,62,0,12,1,18,0,8,0,8,0,2,0,76,54,3,0,33,3,34,122,6,1,66,6,7,1,360,28,140,1,53,0,4,24,66,7,5,5,39,0,4,1,4,1,114,43,0,25,44,19,32,2,11,5,4,1,29
"Cell377",0,64,0,10,5,31,2,0,4,19,44,38,0,2,15,7,41,1,2,27,5,35,1,1,3,30,47,86,0,14,0,7,1,2,0,13,3,0,0,43,58,8,0,33,1,37,150,1,0,74,20,5,5,215,24,103,2,51,0,2,37,63,4,2,5,11,0,7,6,7,6,22,38,0,26,66,15,31,2,16,3,1,12,23
"Cell378",5,46,2,20,4,82,1,0,3,21,77,72,1,4,16,13,40,3,2,51,7,52,3,1,1,47,26,84,0,8,0,14,1,6,1,12,8,5,3,72,68,5,0,57,6,29,232,3,4,61,20,5,14,333,21,120,1,78,0,9,48,90,1,3,8,32,0,14,2,1,11,56,57,0,32,94,23,43,4,9,7,5,5,49
"Cell379",0,55,0,20,3,43,1,1,4,44,53,43,1,9,26,11,47,1,6,37,10,19,5,1,1,29,33,71,0,8,3,10,3,10,0,6,3,5,0,72,66,3,0,50,2,25,156,1,10,102,13,13,3,276,28,141,0,72,0,9,36,59,2,3,20,35,0,11,2,1,13,98,41,0,74,82,15,39,1,8,8,2,7,27
"Cell380",0,40,5,10,2,22,0,0,3,25,54,56,0,5,32,13,42,2,8,17,18,14,1,1,0,32,38,53,0,22,0,9,0,10,1,9,3,4,0,25,69,5,0,47,4,41,182,2,3,49,12,6,0,277,32,144,0,60,0,9,17,42,5,2,11,34,0,2,6,0,4,44,44,0,22,55,23,49,3,9,3,1,20,27
"Cell381",0,34,1,11,2,27,0,0,0,16,64,28,0,8,25,6,35,0,3,26,1,29,0,2,2,17,27,61,0,7,0,3,0,5,1,5,7,5,0,44,59,2,0,26,5,11,99,1,1,45,17,6,4,297,22,85,0,76,0,3,27,64,1,2,7,22,0,3,5,2,6,47,40,0,34,75,29,22,0,7,6,2,23,12
"Cell382",0,50,0,13,3,52,0,5,1,13,41,75,1,13,35,7,46,1,1,11,16,24,0,9,0,27,40,62,0,11,0,23,0,9,0,4,7,5,0,72,58,10,0,28,3,41,146,1,8,55,10,2,10,245,15,110,5,55,0,10,38,102,1,1,11,27,4,10,6,2,10,100,55,0,50,66,23,53,2,11,8,0,18,41
"Cell383",0,36,5,48,4,41,0,4,0,21,61,52,1,5,34,11,51,5,5,16,13,42,0,4,1,42,52,53,0,13,0,11,1,7,0,3,5,3,0,49,47,8,2,41,2,42,214,5,15,59,16,4,2,324,24,144,0,73,0,7,36,54,2,2,10,31,0,19,1,3,8,90,60,0,19,67,21,49,0,9,4,2,36,42
"Cell384",0,31,0,21,2,34,0,0,8,7,46,20,0,12,23,11,35,3,5,8,1,11,5,4,2,13,29,38,0,6,0,15,1,2,0,7,1,3,0,47,56,4,2,34,1,16,153,0,6,42,13,3,5,219,30,111,0,33,0,6,23,55,1,2,6,17,0,8,2,12,4,40,49,1,15,44,8,19,1,9,2,0,21,13
"Cell385",0,25,2,15,3,27,0,0,3,30,28,33,3,6,14,3,41,4,4,10,7,21,1,3,4,15,26,55,0,7,0,2,0,4,1,2,4,5,0,42,75,2,0,34,2,13,104,1,4,61,7,4,8,212,24,103,0,51,0,11,31,61,3,0,13,14,0,0,0,3,7,67,59,0,24,50,16,33,2,10,0,0,7,11
"Cell386",0,54,0,18,4,41,0,1,3,23,32,42,2,6,36,1,49,1,4,34,9,28,3,10,3,19,30,112,0,9,0,8,4,6,5,9,3,3,1,42,42,5,4,32,1,23,168,0,3,58,27,1,3,252,28,94,0,76,0,8,41,118,5,2,8,16,0,4,2,4,8,32,54,0,30,63,18,41,3,13,0,1,13,22
"Cell387",0,32,0,9,1,37,0,0,4,28,24,38,1,2,22,16,41,0,2,6,9,3,0,1,1,16,17,60,0,11,0,10,0,6,0,2,10,0,0,51,31,9,0,33,0,16,96,0,10,53,10,9,0,259,18,103,0,61,0,5,34,50,0,3,11,23,0,5,1,2,1,46,37,0,17,40,9,28,0,5,2,0,9,15
"Cell388",0,41,0,16,4,35,2,0,1,11,60,36,2,2,25,17,29,3,3,21,10,21,3,3,5,16,18,52,0,6,0,4,0,2,0,1,0,1,0,32,36,3,0,28,5,38,146,2,4,85,17,3,5,244,23,80,0,46,0,3,26,65,1,0,7,13,0,7,1,1,5,42,64,0,25,46,3,26,2,10,3,2,13,38
"Cell389",0,48,0,12,2,24,0,1,6,31,68,40,0,6,23,3,32,0,4,24,6,35,10,3,1,25,21,41,0,8,0,10,2,6,0,7,20,2,0,40,60,5,0,22,7,34,148,2,5,74,10,7,9,272,21,104,0,62,0,3,34,55,5,3,9,26,0,6,5,1,5,37,41,0,19,51,9,44,4,6,3,3,3,16
"Cell390",0,50,0,25,12,51,0,0,1,21,87,81,2,9,32,3,48,0,4,29,4,27,5,1,1,18,32,74,0,10,0,9,1,9,0,10,0,3,0,77,55,6,0,51,6,47,252,2,4,58,12,9,5,342,33,151,0,63,0,2,44,76,2,1,2,18,0,19,3,3,7,71,64,0,35,131,16,42,2,20,9,1,21,37
"Cell391",0,31,0,9,3,23,0,0,4,13,44,50,0,2,21,4,38,1,3,18,4,11,2,2,0,15,24,82,0,6,0,3,0,4,0,1,1,0,0,34,21,6,0,23,0,24,126,1,6,60,3,6,1,204,21,60,0,56,0,9,10,76,2,1,14,17,0,1,4,1,12,19,25,0,41,21,10,25,0,12,1,3,10,27
"Cell392",0,59,3,19,3,67,3,0,5,15,60,83,0,15,32,11,65,3,0,40,4,31,1,0,3,39,39,94,0,16,4,11,3,1,1,7,2,0,0,64,74,1,0,75,3,36,218,6,12,79,27,10,3,368,37,181,1,83,0,9,38,102,0,6,15,38,0,4,6,7,5,53,65,0,37,69,15,30,0,2,9,2,11,26
"Cell393",0,27,1,5,4,14,5,0,1,5,42,27,0,4,12,5,33,0,2,18,0,15,0,3,2,31,20,30,0,2,0,2,0,5,0,6,1,1,0,30,20,1,0,8,4,15,104,4,1,21,2,1,2,124,4,64,0,33,1,8,14,32,1,0,1,15,0,1,3,0,3,29,20,0,13,45,12,22,0,0,2,0,6,15
"Cell394",0,57,2,23,2,63,2,0,1,23,46,63,0,8,21,13,66,3,2,28,21,12,5,1,6,18,23,87,2,7,0,15,0,10,0,15,4,0,0,43,31,6,0,51,3,38,163,1,4,58,6,2,7,373,30,112,0,43,0,2,50,72,2,1,13,38,0,9,2,5,21,36,69,0,33,74,24,44,4,1,11,5,7,16
"Cell395",0,37,8,26,3,34,0,1,8,13,49,50,0,5,25,11,56,12,6,10,8,25,3,1,5,43,35,42,0,3,2,16,1,3,0,14,5,8,1,33,51,18,0,22,3,39,111,2,6,62,18,9,1,280,45,153,0,56,0,14,48,77,1,9,6,18,0,3,0,3,7,98,32,0,31,60,14,48,4,10,1,0,18,20
"Cell396",0,40,3,18,5,33,0,0,5,23,68,36,0,4,29,16,53,5,3,28,2,19,14,2,0,35,45,82,0,7,0,13,0,6,2,3,1,0,1,62,59,8,0,27,11,36,119,0,2,63,15,10,6,303,25,109,3,37,1,15,22,68,3,3,6,43,1,9,4,4,9,56,41,0,45,75,23,45,1,18,3,0,28,32
"Cell397",0,45,1,10,6,51,3,0,5,14,74,40,1,21,12,33,5,7,1,2,20,26,0,0,12,5,7,171,0,2,0,27,1,10,1,4,6,4,0,114,20,1,0,9,38,19,147,4,2,61,57,7,19,78,4,56,0,18,0,9,10,58,3,0,1,31,0,8,24,6,21,80,10,0,176,16,3,28,6,7,5,0,15,19
"Cell398",0,46,2,12,3,54,0,0,7,30,72,56,0,4,30,16,29,6,1,35,12,29,3,2,2,27,26,54,0,9,0,9,2,11,2,13,1,2,0,58,65,15,0,22,5,35,214,2,8,72,11,8,5,242,41,105,2,77,0,2,62,63,4,0,4,37,1,6,3,4,3,58,41,0,45,80,18,81,2,11,6,4,18,26
"Cell399",0,47,7,14,0,40,1,0,0,20,87,61,0,11,44,18,37,1,3,18,7,36,1,9,2,26,39,100,0,15,0,10,1,11,1,13,9,1,0,54,62,7,0,66,8,47,227,2,4,77,14,6,8,261,34,140,0,97,0,16,33,66,2,1,14,22,3,0,3,3,5,52,56,0,33,51,25,49,1,12,1,0,8,30
"Cell400",0,26,0,15,5,26,0,0,2,21,38,47,0,7,13,4,33,0,2,16,10,37,5,0,1,14,53,48,0,2,0,9,1,2,1,5,9,0,0,52,36,0,1,19,3,27,107,1,4,59,14,2,7,213,19,88,0,48,0,2,23,35,0,1,1,17,0,8,8,3,2,42,31,0,21,27,9,37,0,16,5,0,16,25
"Cell401",0,45,0,21,0,40,2,0,0,23,46,43,0,4,26,3,50,2,0,20,3,13,0,4,1,40,45,47,0,11,0,6,1,2,2,13,0,3,0,42,74,1,0,47,3,48,143,2,4,59,13,4,8,222,42,101,0,31,0,2,26,32,0,0,5,33,1,16,2,0,4,96,35,0,31,27,21,32,0,3,4,2,6,34
"Cell402",0,78,3,7,2,49,0,0,10,12,65,63,1,7,30,18,41,1,2,35,17,40,9,1,3,30,49,91,0,23,0,6,2,6,8,19,1,3,0,68,37,6,0,54,7,50,181,3,3,83,17,4,2,504,23,96,0,71,3,8,32,77,0,4,6,33,0,9,2,1,11,79,56,0,41,66,17,40,0,40,4,3,6,47
"Cell403",0,41,1,33,11,43,0,2,2,31,82,84,1,16,29,8,68,0,2,29,3,14,1,5,3,42,38,111,0,18,0,13,1,5,0,6,6,5,2,81,62,8,1,42,6,28,181,2,7,78,15,1,0,377,29,159,0,51,0,16,56,104,6,6,9,56,0,8,2,1,5,74,42,0,25,115,37,48,7,20,1,0,17,34
"Cell404",0,85,1,37,2,55,5,4,3,49,105,73,1,7,39,37,43,4,10,43,10,41,3,4,3,47,63,131,0,30,0,33,3,2,6,12,3,3,4,87,135,12,0,60,10,48,327,0,2,102,45,10,9,404,43,236,1,108,0,11,53,110,1,5,23,35,0,6,8,2,4,141,75,0,50,81,28,86,3,22,11,0,20,56
"Cell405",0,20,2,22,2,44,0,0,1,23,52,61,0,2,18,5,18,0,0,13,8,21,5,2,4,12,32,32,0,9,1,11,1,4,2,10,1,0,0,69,30,1,0,18,2,19,138,0,3,42,3,5,4,260,25,75,0,31,0,4,29,43,2,0,12,18,0,8,0,2,7,42,44,0,12,41,18,21,1,11,2,0,10,22
"Cell406",0,20,1,15,0,17,0,0,0,14,32,26,0,1,21,7,48,6,4,13,0,28,1,2,3,15,36,53,0,7,0,3,1,2,0,5,4,2,0,37,30,5,0,30,0,33,117,5,6,57,7,5,4,291,7,92,0,35,0,0,35,37,0,4,19,17,0,0,3,1,2,59,27,0,18,77,31,31,2,22,19,0,12,16
"Cell407",0,48,1,9,1,49,0,0,5,15,38,33,0,8,31,4,23,7,0,18,8,6,7,6,1,27,36,47,0,9,0,9,0,8,3,8,1,6,1,21,38,1,0,39,4,31,97,8,8,52,21,2,7,234,10,70,0,45,0,9,14,61,1,0,2,45,0,0,3,1,11,40,64,1,28,84,7,36,1,5,7,3,18,21
"Cell408",0,61,1,36,11,43,0,0,1,12,62,79,0,3,25,12,53,2,4,24,1,28,1,3,1,23,22,69,0,8,1,7,2,5,0,8,7,6,0,66,61,3,0,45,3,34,128,8,14,55,21,9,0,260,33,115,0,59,0,4,26,89,9,2,14,57,0,6,8,8,8,69,62,0,30,31,14,49,1,10,5,3,19,40
"Cell409",0,27,1,20,2,15,0,0,4,15,48,39,1,17,8,5,18,5,0,11,11,9,1,5,1,17,12,66,0,4,0,10,3,0,1,3,2,0,0,30,41,2,0,29,3,15,90,1,2,53,20,0,3,161,17,100,0,71,0,5,28,36,0,0,5,21,0,12,1,1,9,75,71,0,38,42,8,27,0,4,10,0,14,27
"Cell410",0,29,3,27,1,36,0,1,4,26,44,43,0,6,29,9,29,4,3,18,1,30,7,0,0,36,29,72,0,4,1,10,1,0,0,13,5,1,0,70,37,2,0,45,4,42,165,1,6,69,12,3,13,280,25,77,0,51,0,1,14,82,1,3,8,13,0,0,6,2,2,89,41,0,21,63,11,50,0,12,2,0,3,24
"Cell411",0,31,0,6,1,24,0,0,0,9,44,46,0,5,19,4,32,1,2,12,9,7,0,1,1,17,18,45,0,6,0,1,0,3,1,5,3,1,0,32,41,2,0,18,4,14,112,0,3,63,15,4,3,204,25,49,0,58,0,4,24,36,1,0,8,19,0,11,2,2,7,27,38,0,21,48,31,38,1,6,3,0,5,11
"Cell412",0,35,0,7,2,40,0,0,1,22,50,28,0,3,17,21,36,3,1,4,7,32,2,2,4,32,34,59,0,21,0,5,1,7,1,8,2,4,0,20,52,2,0,42,2,17,110,0,5,85,22,0,0,240,30,98,0,64,0,8,25,70,10,1,6,22,0,9,8,4,9,51,47,0,40,62,20,33,3,6,3,0,21,28
"Cell413",0,31,0,14,2,35,0,0,1,10,36,52,0,0,17,4,22,1,2,27,7,12,1,1,3,18,20,50,0,12,1,12,0,9,1,4,7,0,0,17,58,1,0,59,5,14,125,0,16,59,5,3,6,203,25,93,0,45,0,4,23,68,3,1,5,23,0,6,4,3,2,28,27,0,15,62,11,35,0,3,6,0,8,19
"Cell414",0,36,0,18,6,57,0,0,0,8,81,30,0,4,37,13,38,0,2,19,0,12,2,5,0,21,26,103,0,2,0,12,2,6,1,6,5,5,0,46,53,1,0,23,3,19,184,0,4,72,3,0,9,268,34,100,0,62,0,5,19,100,4,0,8,25,0,9,8,6,15,53,40,0,24,77,32,34,0,12,1,0,6,27
"Cell415",0,43,1,20,5,65,7,0,1,19,63,50,0,10,33,12,67,2,1,25,2,30,10,2,0,37,40,84,0,8,0,21,2,11,1,9,4,5,1,73,71,12,0,57,5,24,241,3,4,101,10,12,5,349,59,144,0,102,0,19,36,72,4,0,9,22,0,10,2,9,8,41,50,0,33,81,35,35,1,3,7,1,15,28
"Cell416",0,39,0,30,3,33,3,0,5,45,69,38,0,2,7,5,33,2,5,11,11,14,0,1,0,8,45,59,0,4,0,13,3,2,1,2,4,3,0,28,79,4,0,22,1,23,144,1,2,52,10,7,1,274,32,133,2,63,0,14,18,77,2,0,7,15,0,1,1,3,15,45,56,0,47,68,19,42,1,10,8,1,20,18
"Cell417",0,33,3,27,3,41,3,0,3,40,50,35,1,8,16,16,80,0,0,21,3,15,2,5,2,55,41,89,0,7,0,23,1,16,3,4,1,4,2,48,77,1,0,23,6,31,170,1,5,63,19,7,2,461,30,123,0,81,1,15,37,93,4,1,15,45,0,1,3,8,7,69,50,0,30,87,14,48,1,14,1,0,22,44
"Cell418",0,63,2,9,5,48,2,0,5,33,73,55,0,4,35,24,59,3,1,34,11,46,6,1,1,26,31,47,0,23,0,5,0,6,1,16,2,3,4,58,61,8,0,33,2,38,188,0,8,84,11,9,4,388,33,140,2,79,0,2,30,59,5,2,14,42,0,16,6,8,5,67,68,0,53,83,44,71,0,14,6,0,15,29
"Cell419",0,15,1,13,9,27,2,0,0,15,40,30,6,5,20,4,28,2,2,17,3,28,6,2,2,15,32,42,0,15,1,5,0,12,0,8,2,4,0,44,33,6,0,24,5,19,142,5,6,62,11,6,7,194,14,83,0,59,0,8,20,68,5,1,3,37,0,5,2,6,7,32,25,0,34,55,21,33,0,4,4,3,16,20
"Cell420",0,41,4,17,1,34,0,0,3,16,39,35,1,10,27,11,39,2,6,22,7,4,2,1,1,26,19,40,0,1,0,5,1,6,3,6,16,1,0,40,44,0,0,22,6,16,106,1,9,61,3,4,1,241,15,116,0,39,0,2,36,32,1,5,7,30,0,2,1,1,4,32,33,0,27,53,27,23,1,11,3,0,12,20
"Cell421",0,54,0,26,2,25,0,0,4,27,33,15,0,6,41,7,28,0,1,17,12,24,2,3,1,32,21,31,0,13,0,4,2,11,1,12,5,2,0,28,63,0,0,27,2,37,109,2,11,56,12,1,10,229,11,75,0,39,0,4,22,50,2,0,5,17,0,11,6,1,6,42,48,0,8,40,2,33,0,2,5,1,13,27
"Cell422",0,64,0,18,1,35,1,0,3,21,38,35,0,2,40,8,31,1,0,10,4,22,6,6,2,21,33,78,0,5,2,16,3,9,0,11,1,2,1,65,63,4,0,54,3,30,182,1,10,83,3,3,10,434,25,119,0,63,0,7,28,66,7,2,9,65,0,1,0,9,8,35,59,0,26,64,17,43,1,5,7,10,21,28
"Cell423",0,41,0,13,6,31,0,0,3,25,59,26,0,1,18,16,31,0,3,31,4,13,0,1,1,14,22,71,0,9,2,16,0,6,0,8,1,2,0,44,42,14,2,25,8,35,171,1,1,110,30,8,1,213,20,93,0,55,0,7,27,62,4,0,18,39,0,8,4,3,12,71,44,0,37,45,9,20,0,17,6,0,6,21
"Cell424",0,47,0,17,2,49,2,1,5,24,67,68,0,7,20,5,46,0,6,57,5,44,3,2,3,22,27,87,0,7,0,18,2,10,2,8,9,4,0,58,56,6,0,72,1,22,221,1,6,73,14,10,4,350,27,105,0,65,0,28,47,65,4,5,12,39,0,6,2,5,4,46,73,0,24,81,17,40,2,18,13,2,22,31
"Cell425",0,40,0,29,7,49,1,0,8,23,50,69,0,7,18,6,29,3,7,15,6,20,7,3,1,35,40,57,2,12,0,4,1,6,0,5,5,0,0,49,50,3,0,33,2,30,161,3,6,75,11,2,3,391,31,106,0,65,0,11,25,36,2,1,11,35,0,6,4,0,15,40,27,0,32,69,8,38,5,4,1,2,22,23
"Cell426",0,45,1,11,3,35,2,0,1,9,43,44,0,7,16,5,34,0,5,21,5,66,4,3,2,38,28,68,0,14,0,17,1,13,1,8,4,2,1,66,70,9,0,67,5,36,165,5,6,63,21,4,1,295,35,117,0,88,0,11,34,41,4,1,8,41,0,4,5,2,7,104,80,0,46,100,25,57,3,11,18,1,13,31
"Cell427",0,37,0,28,11,64,3,1,3,32,73,111,0,15,48,8,40,3,3,19,9,35,6,3,2,33,37,93,0,4,1,13,0,20,1,8,3,1,0,63,101,5,0,84,9,55,238,6,8,92,17,8,6,305,47,173,0,94,4,11,58,82,2,1,23,34,0,8,4,1,25,59,85,0,68,100,31,67,2,14,6,1,24,26
"Cell428",0,19,0,24,2,39,0,0,0,13,36,21,3,6,21,11,38,2,5,24,1,16,1,0,4,16,17,90,0,2,0,18,1,7,0,6,2,0,6,55,55,7,0,37,3,42,119,0,4,72,12,3,1,234,18,145,0,59,0,11,10,37,9,0,5,27,0,9,2,3,12,45,45,0,30,45,9,34,1,10,6,1,16,21
"Cell429",0,39,1,17,0,27,0,0,1,17,55,36,0,7,14,10,22,7,1,23,3,16,7,6,6,17,27,85,0,2,0,8,1,3,1,2,6,1,0,36,34,1,0,24,1,32,134,1,5,88,18,6,5,239,20,103,0,64,0,8,31,58,8,0,4,24,0,16,7,2,3,52,46,0,50,46,15,60,0,13,6,0,5,39
"Cell430",0,39,3,17,4,25,0,0,4,23,59,52,2,5,19,13,39,3,9,17,10,18,6,7,1,26,29,115,0,10,0,13,0,11,0,13,5,0,0,38,46,9,1,31,5,24,171,0,5,67,12,3,8,309,19,135,0,72,0,3,30,41,6,4,7,26,0,30,2,0,11,71,65,0,30,50,33,27,0,18,6,1,14,29
"Cell431",0,40,0,16,5,20,0,0,0,13,42,52,0,11,45,8,37,2,4,38,6,21,0,2,3,40,27,60,0,11,0,8,2,4,3,9,1,0,0,62,77,16,0,30,5,13,175,2,5,56,7,2,9,226,18,133,2,94,0,8,21,72,1,0,4,38,1,16,4,2,2,48,57,0,36,38,23,33,2,10,4,3,23,39
"Cell432",0,54,1,22,5,48,0,5,4,42,75,102,0,11,70,17,59,4,8,30,15,18,10,1,1,40,56,107,0,15,0,7,3,12,4,10,14,3,0,67,80,9,0,84,3,37,243,0,17,93,43,7,17,325,37,224,0,90,0,9,46,92,3,2,6,33,2,3,7,4,6,94,101,0,63,94,22,77,8,10,7,0,25,28
"Cell433",0,38,2,13,4,67,0,0,2,32,51,44,1,10,38,17,40,2,5,16,8,23,12,12,0,31,37,73,0,11,0,16,2,8,1,19,2,0,1,76,96,7,0,40,15,41,237,1,7,93,9,3,3,445,46,148,0,69,0,16,37,73,2,5,21,28,0,11,2,3,6,68,49,0,27,106,25,64,3,20,6,1,12,26
"Cell434",0,60,3,23,5,25,3,0,3,24,56,54,1,9,30,14,36,5,1,22,5,32,3,1,1,27,38,94,0,9,0,8,2,8,1,10,5,2,0,76,51,3,1,52,3,29,162,0,6,90,6,16,5,327,29,128,1,48,0,11,29,120,7,0,16,38,0,10,1,4,8,56,63,0,20,113,31,70,7,17,13,2,15,36
"Cell435",0,32,1,7,6,40,1,0,6,29,61,44,0,7,24,13,51,5,3,20,6,13,10,2,1,26,41,63,0,5,1,17,2,2,0,6,0,5,0,36,49,6,0,32,10,22,105,0,5,62,6,3,2,217,35,105,0,63,0,1,28,39,0,1,5,30,0,8,0,8,6,73,41,0,27,80,8,30,0,9,5,1,3,15
"Cell436",0,50,0,5,6,37,0,0,4,33,33,37,0,10,18,11,52,2,5,22,7,19,3,2,0,25,64,63,0,7,2,8,0,4,0,12,0,12,0,60,73,5,0,40,3,36,159,7,4,70,20,0,10,351,20,107,0,40,0,18,25,76,0,3,22,29,1,11,3,3,10,60,45,0,24,85,15,35,3,7,2,1,36,24
"Cell437",0,39,2,11,3,46,0,0,0,18,70,45,0,2,1,5,38,0,8,21,4,7,4,9,1,18,25,53,6,8,0,14,0,4,0,4,11,0,0,29,41,8,0,25,2,20,123,10,5,47,29,3,4,262,23,119,0,36,0,10,24,51,2,0,7,29,0,6,1,3,5,46,81,0,27,96,11,40,4,5,11,0,8,27
"Cell438",0,27,2,7,10,17,1,0,7,5,59,15,0,2,11,8,30,0,3,35,7,15,2,0,1,12,15,46,0,2,0,8,0,6,0,11,2,0,0,23,34,6,0,24,2,19,99,1,5,59,21,3,6,219,21,68,0,40,0,6,24,35,0,0,5,13,0,5,3,1,7,60,36,0,14,56,20,28,4,9,1,0,19,22
"Cell439",0,32,0,10,5,35,4,0,2,25,30,36,2,5,40,21,22,0,1,35,14,25,3,5,1,27,35,78,0,11,2,6,1,4,1,7,2,0,0,44,54,2,0,27,3,23,116,2,7,65,11,2,19,284,19,116,0,35,0,20,18,60,1,1,3,23,0,2,0,5,7,35,53,0,41,66,7,34,1,9,2,0,9,25
"Cell440",0,44,0,16,14,18,0,0,1,22,51,31,0,4,19,8,16,5,0,21,4,18,2,1,1,21,19,72,0,6,0,6,0,6,0,4,3,0,0,22,48,11,0,24,7,25,122,4,1,61,9,2,1,180,20,92,0,39,0,7,17,38,0,0,11,35,0,3,1,1,5,41,31,0,29,52,10,19,0,0,2,2,3,8
"Cell441",0,70,2,10,4,50,2,0,4,8,27,54,2,6,21,7,46,1,1,19,3,25,3,3,1,15,22,76,0,11,0,6,0,5,0,10,1,1,1,36,60,9,0,37,1,18,128,0,9,73,13,4,4,232,15,79,4,70,0,2,14,57,2,2,1,32,0,6,4,0,2,49,35,0,33,76,7,32,3,12,5,0,18,14
"Cell442",0,39,1,6,6,29,0,2,2,29,66,59,2,4,33,7,41,0,0,20,7,9,2,6,1,29,38,80,0,11,3,14,0,10,2,10,7,1,0,46,45,3,0,31,10,56,187,2,6,67,20,3,14,334,21,106,0,96,1,8,32,56,0,1,17,21,0,4,7,3,1,70,54,0,39,61,33,35,0,13,8,0,22,17
"Cell443",0,30,2,12,0,19,1,0,2,14,36,26,0,5,16,7,28,1,1,29,7,20,0,2,0,21,23,55,0,5,0,5,0,4,2,13,5,1,0,33,41,6,0,25,0,19,88,1,14,66,6,4,1,227,25,103,0,48,0,2,28,63,5,0,2,16,0,5,1,4,6,62,27,0,46,32,11,24,0,5,8,0,6,19
"Cell444",0,21,0,32,4,23,0,0,4,10,54,45,0,4,21,4,64,0,1,37,12,39,1,0,0,25,28,54,0,2,0,23,0,8,0,5,4,3,0,46,87,6,0,37,9,14,165,1,14,73,4,3,3,276,17,101,0,57,1,8,32,48,1,2,7,20,0,13,1,11,12,59,80,0,23,80,5,34,0,9,10,1,4,11
"Cell445",0,32,0,18,5,26,0,0,5,19,38,47,0,10,15,22,30,2,3,16,1,8,1,3,0,21,29,48,0,9,2,1,6,4,3,13,0,0,0,60,62,7,0,34,5,24,145,1,2,90,11,5,1,302,35,98,0,43,0,4,31,50,1,1,5,27,0,10,0,8,6,65,33,0,18,79,9,48,2,4,1,0,15,16
"Cell446",0,75,4,13,1,46,0,0,2,47,61,53,0,3,40,19,46,5,0,33,5,21,1,1,6,23,33,41,0,12,1,13,1,7,2,8,3,2,0,92,79,4,0,58,6,48,194,0,6,82,25,5,17,271,43,125,0,80,0,13,42,107,1,0,14,23,0,8,6,0,4,61,40,0,27,82,22,46,9,8,8,1,15,12
"Cell447",0,25,1,3,6,48,3,0,3,46,42,59,0,2,35,19,40,1,5,27,6,23,2,6,3,11,51,56,0,5,1,20,0,5,2,5,6,2,1,48,44,3,0,46,5,18,152,2,5,63,29,2,3,259,26,90,0,58,0,15,29,86,2,1,15,35,0,1,3,1,5,56,37,0,26,56,5,30,1,7,8,0,14,24
"Cell448",0,45,0,17,3,38,0,0,5,17,57,43,5,3,26,13,33,2,3,36,10,6,1,2,2,33,37,46,0,6,0,14,2,11,1,10,0,1,0,66,59,7,1,28,1,24,140,2,3,90,18,0,2,238,36,146,0,60,0,6,37,64,6,10,8,46,0,10,0,0,4,40,84,0,8,60,28,37,1,11,3,0,13,56
"Cell449",0,44,0,32,0,48,0,1,4,21,57,40,0,7,34,14,58,3,7,37,5,26,3,3,7,20,28,67,0,29,0,10,0,12,0,7,7,4,0,58,65,8,0,44,4,29,126,1,5,67,23,3,1,328,33,90,0,72,0,9,28,98,3,3,12,25,0,12,0,3,10,54,39,0,28,62,27,36,2,5,5,2,6,24
"Cell450",0,28,2,15,2,47,0,0,1,12,55,51,0,3,21,6,23,2,5,14,8,15,10,4,0,48,42,86,0,3,0,8,0,5,1,3,5,7,0,33,60,3,0,28,2,31,158,2,3,57,2,2,10,200,28,98,0,58,0,11,12,70,3,1,6,53,0,5,2,8,10,51,55,0,35,59,30,23,1,20,8,3,20,26
"Cell451",0,50,1,16,1,34,0,0,3,27,49,56,0,1,23,6,42,9,5,26,14,17,1,2,1,31,20,39,0,10,0,6,1,1,2,4,3,3,0,56,55,2,0,54,4,26,152,3,4,41,15,4,12,296,48,98,0,65,0,2,43,119,1,3,5,29,0,13,1,1,7,55,69,0,26,75,23,30,3,14,2,1,16,16
"Cell452",0,22,0,4,1,42,0,0,2,18,57,19,0,2,31,3,21,1,1,22,8,12,1,1,4,13,3,57,0,1,0,6,6,5,0,1,2,4,1,35,32,1,0,24,1,29,107,1,4,33,10,0,2,204,26,100,0,53,0,6,20,45,7,1,11,18,0,6,2,3,6,27,37,0,27,60,11,33,0,9,0,0,7,24
"Cell453",0,39,3,15,3,49,0,0,0,23,34,41,1,6,17,7,36,1,0,11,11,29,2,2,1,34,27,40,0,10,0,10,0,3,0,5,6,0,0,35,55,2,0,23,7,15,145,2,1,39,8,7,13,246,18,89,0,37,0,12,30,42,1,1,9,12,2,3,1,2,1,69,28,1,14,60,24,42,0,7,3,1,10,34
"Cell454",0,30,2,7,0,19,0,0,0,23,34,13,0,5,15,9,26,0,0,16,0,11,1,7,2,28,25,47,0,8,0,5,0,1,0,4,1,1,0,25,47,4,0,25,2,19,95,2,3,47,18,4,2,217,28,69,0,37,0,4,13,30,1,1,8,2,0,2,5,0,7,76,31,0,15,45,3,44,6,7,3,0,10,26
"Cell455",0,34,0,5,4,18,6,0,6,25,134,51,0,26,10,47,7,6,2,7,2,19,2,0,11,14,1,210,0,3,1,30,0,14,0,8,12,0,0,75,8,10,0,14,33,22,145,1,0,33,34,6,49,99,9,55,3,12,0,3,17,49,5,4,8,18,0,7,8,3,4,16,10,0,155,12,0,36,4,10,1,4,9,24
"Cell456",0,37,1,23,0,25,1,1,3,39,72,51,0,7,29,13,31,5,0,40,9,10,2,4,2,33,52,71,0,6,0,6,1,5,0,14,4,4,1,88,78,0,0,39,2,51,165,0,4,80,15,8,13,386,33,147,0,61,0,17,23,121,7,3,20,59,0,12,4,1,4,39,92,0,33,90,25,49,0,3,2,0,20,23
"Cell457",0,56,1,3,2,21,0,0,2,17,48,68,1,2,14,15,25,1,0,32,0,15,0,1,1,30,26,48,0,8,0,7,1,4,0,7,1,4,0,44,59,2,0,55,1,39,120,2,6,62,20,9,11,234,26,109,0,54,0,6,19,78,0,1,12,41,0,3,0,5,19,47,40,0,27,78,14,26,3,13,3,1,11,23
"Cell458",0,39,1,18,3,38,2,0,0,28,63,47,1,11,30,6,30,2,1,32,9,19,3,2,3,37,32,47,0,4,4,11,0,15,0,0,5,0,1,23,35,4,1,40,2,12,208,1,6,62,21,5,15,273,21,92,0,38,0,4,32,42,2,1,16,35,0,2,2,6,6,95,28,0,35,40,20,55,1,7,1,1,5,9
"Cell459",0,55,2,11,2,33,10,0,6,19,112,65,3,38,11,35,11,1,1,4,10,26,4,2,15,16,9,204,0,4,0,35,0,2,3,7,17,3,0,110,19,13,0,24,16,42,176,2,8,51,40,13,20,68,4,52,0,23,0,8,29,53,5,5,13,29,0,11,39,1,8,58,12,0,281,5,2,51,6,17,4,1,9,38
"Cell460",0,51,0,21,6,20,0,0,2,25,30,61,0,9,22,7,31,1,3,27,6,10,1,3,3,31,40,105,0,13,0,19,2,5,0,8,0,0,1,36,73,4,2,31,2,28,163,3,5,53,3,11,3,271,47,128,5,72,0,6,38,63,1,9,9,40,0,4,9,10,15,71,44,0,20,53,23,47,1,12,5,0,9,40
"Cell461",0,82,4,13,5,52,0,0,6,30,114,125,2,13,43,11,54,4,0,33,3,46,10,4,2,27,43,113,0,18,1,12,2,9,1,18,2,4,0,75,113,8,0,41,3,58,243,3,9,123,25,5,8,408,37,209,0,112,0,5,40,155,2,1,3,37,6,8,3,4,9,96,89,0,57,84,27,55,0,13,8,3,23,54
"Cell462",0,89,1,43,3,47,0,0,7,20,68,50,0,22,47,11,48,2,7,36,20,36,4,6,4,30,52,87,0,13,3,23,0,2,2,24,1,7,0,59,66,4,2,52,13,42,281,8,11,97,16,7,2,440,28,131,0,88,0,10,27,86,3,1,12,41,0,12,3,15,2,69,63,0,45,78,34,36,1,45,9,5,19,29
"Cell463",0,40,0,15,1,18,0,2,4,11,30,59,0,13,6,3,38,0,0,15,1,15,3,2,3,27,25,53,0,0,3,5,0,5,0,5,5,0,0,64,50,2,0,36,4,24,159,3,3,61,12,4,4,275,19,121,0,43,0,8,21,67,6,3,15,22,0,3,0,3,1,70,43,0,26,47,14,31,0,5,5,0,19,20
"Cell464",0,51,0,28,7,36,1,0,7,20,39,28,0,7,34,2,36,0,6,23,4,11,3,7,1,33,27,60,0,8,0,13,0,7,3,15,1,2,1,64,91,0,0,28,4,25,130,3,1,92,20,0,6,190,20,113,0,63,0,20,33,49,2,0,13,33,0,6,7,2,7,51,90,1,22,74,18,25,1,3,7,0,21,34
"Cell465",0,78,0,17,4,19,5,0,4,19,61,78,5,11,22,7,57,1,3,45,7,20,2,0,2,17,45,55,0,5,0,11,3,5,1,15,3,1,0,54,54,3,1,27,2,21,184,1,11,62,15,8,3,265,27,125,0,48,0,10,24,73,2,3,16,39,0,5,5,3,7,53,80,0,29,67,15,54,2,16,3,0,14,17
"Cell466",0,69,1,14,2,28,9,0,6,19,120,56,0,62,9,50,9,2,8,9,8,27,4,2,11,6,9,169,0,5,0,38,0,15,0,7,10,7,0,107,20,20,0,18,16,30,167,3,18,63,41,5,9,89,5,89,0,11,0,10,28,33,11,1,7,41,0,5,37,2,9,26,7,1,260,9,3,23,2,10,1,0,21,24
"Cell467",0,67,1,20,2,51,0,0,6,16,55,32,0,14,36,4,19,1,1,16,6,12,2,0,0,19,21,64,0,12,0,5,2,9,7,3,4,3,0,47,40,2,0,51,5,16,118,5,3,103,21,0,2,250,25,118,0,42,0,5,20,74,0,0,10,26,0,8,13,8,2,27,48,0,24,68,18,44,1,11,4,1,20,20
"Cell468",0,33,2,8,3,11,0,0,0,7,36,45,0,0,25,6,28,1,9,17,11,16,0,3,0,20,21,53,0,2,0,12,0,3,5,2,0,0,0,28,22,4,0,12,2,38,84,6,18,66,9,4,5,167,15,90,0,43,0,1,23,73,0,0,9,21,0,8,1,5,4,61,28,0,47,45,13,26,1,12,6,3,12,12
"Cell469",0,44,3,11,0,37,1,0,3,9,27,44,1,10,30,7,32,0,4,11,0,19,1,2,3,20,26,72,0,4,0,9,0,17,2,5,5,0,0,20,43,9,0,31,3,27,141,1,5,56,19,14,7,256,22,127,0,83,0,4,21,77,1,1,9,22,0,6,6,4,9,49,71,0,40,63,25,24,1,15,7,3,15,22
"Cell470",0,37,1,13,1,24,0,0,0,20,23,38,0,10,8,10,24,4,6,28,7,28,3,3,2,16,32,66,0,1,0,3,1,6,0,5,1,7,0,44,64,0,3,32,5,22,156,2,1,67,12,6,3,244,26,66,0,47,0,8,23,46,5,3,4,18,0,8,3,6,7,45,34,0,28,58,18,34,5,14,4,0,9,10
"Cell471",0,44,1,20,2,41,0,0,1,13,32,28,2,10,29,8,38,1,1,14,13,11,0,4,1,27,28,63,0,9,0,16,0,8,1,3,10,0,0,41,50,4,0,37,2,30,115,0,3,49,11,5,6,220,26,121,0,38,0,4,27,93,2,1,7,8,1,4,3,2,5,48,36,0,47,52,8,15,3,10,2,2,17,31
"Cell472",0,34,0,31,3,21,2,1,1,12,58,43,0,4,28,6,54,5,4,28,4,29,4,0,3,18,34,39,0,12,0,11,9,3,1,4,2,1,0,63,58,2,0,20,2,31,155,14,7,58,9,5,0,329,22,80,0,84,0,23,14,69,3,0,5,20,0,12,1,5,5,43,41,0,26,68,21,38,0,1,4,0,7,15
"Cell473",0,56,1,6,0,41,1,0,4,45,33,44,1,4,27,9,33,1,3,13,3,3,1,0,0,23,21,41,0,8,3,4,0,4,0,2,6,6,3,41,20,1,0,34,3,37,138,0,5,43,15,3,12,164,28,75,0,44,0,1,16,40,6,4,5,16,0,15,8,1,1,42,30,0,49,24,8,35,0,8,8,0,11,29
"Cell474",0,41,1,21,8,39,3,3,2,25,62,61,1,15,29,19,46,10,3,23,11,31,6,1,3,53,42,70,0,12,1,20,1,6,2,10,2,6,1,64,84,5,1,63,4,35,230,2,10,97,21,4,9,330,28,152,0,77,0,7,32,57,10,1,25,34,0,8,3,2,11,76,93,1,31,109,12,39,0,20,11,0,15,32
"Cell475",0,50,1,27,3,28,0,2,0,27,45,54,12,6,39,8,57,2,2,30,5,32,0,1,0,28,32,65,0,10,1,7,3,7,0,8,0,2,0,47,49,10,0,24,11,28,136,2,3,53,23,2,1,290,40,102,0,60,0,12,38,82,0,0,13,25,0,5,3,5,15,59,49,0,19,55,5,30,1,17,0,3,10,13
"Cell476",0,55,3,22,6,37,0,0,2,18,53,51,0,4,26,14,34,1,4,14,6,15,5,2,1,31,45,47,0,9,0,12,7,12,0,18,0,2,0,46,48,6,0,35,2,38,149,0,2,42,12,3,2,286,18,148,0,62,0,8,25,55,2,2,17,24,0,4,2,8,0,60,78,0,46,67,13,48,4,13,3,0,9,32
"Cell477",0,27,2,18,5,45,0,0,0,20,46,40,0,6,36,22,19,2,2,25,7,16,6,0,2,29,45,44,0,10,1,19,2,8,0,6,7,4,0,57,58,12,0,40,0,47,123,1,11,109,16,5,6,264,22,141,0,39,0,13,29,66,2,10,9,38,1,10,1,2,7,54,52,0,33,67,17,46,0,10,2,3,6,22
"Cell478",0,61,1,13,7,52,1,0,8,23,92,61,0,9,41,16,54,1,6,36,4,41,2,2,6,13,50,73,0,7,0,4,1,15,1,12,5,0,0,59,60,2,0,52,13,37,218,2,6,70,12,9,6,418,52,162,0,84,0,6,35,93,4,3,23,40,1,17,5,2,10,94,58,0,41,60,23,43,3,24,9,3,24,33
"Cell479",0,45,0,6,4,28,1,0,2,10,47,34,0,8,13,7,27,2,2,28,18,19,0,1,6,22,27,59,0,9,0,11,0,0,1,3,0,4,0,46,35,6,0,26,1,42,178,1,13,46,10,2,3,215,14,105,0,45,0,2,11,63,3,2,16,12,0,3,0,5,5,57,60,0,14,45,10,29,2,6,3,0,8,16
"Cell480",0,54,3,28,7,49,0,1,0,24,83,48,1,10,26,13,40,0,2,19,18,12,5,3,5,20,47,84,2,18,0,6,0,8,0,5,5,4,0,60,66,9,0,32,4,84,174,8,4,72,15,6,6,284,35,155,0,59,0,6,31,80,2,3,6,14,0,2,2,5,4,117,51,0,29,77,12,30,1,3,8,0,16,27
"Cell481",0,41,0,17,3,33,2,1,0,7,65,55,0,4,25,8,42,0,2,29,8,32,3,4,2,28,20,87,0,2,0,10,0,2,0,7,9,4,0,33,62,7,0,37,1,43,157,1,1,56,7,7,0,343,37,116,0,77,0,13,52,52,2,1,9,25,0,5,2,2,6,62,49,0,30,68,14,35,0,13,11,2,15,28
"Cell482",0,21,0,20,1,29,0,0,0,12,55,41,0,5,21,9,35,0,4,11,4,9,2,8,1,20,33,62,0,1,0,16,0,8,1,3,4,0,0,27,34,2,0,21,2,13,138,2,5,58,14,1,4,265,14,73,0,42,0,10,23,50,2,1,9,18,0,6,1,1,9,60,38,0,10,60,3,37,4,7,3,0,13,27
"Cell483",0,46,0,17,1,31,1,0,10,28,57,76,0,3,44,10,42,6,8,24,4,38,0,9,0,39,45,83,0,5,0,13,0,7,5,8,5,2,0,74,62,9,0,52,6,40,159,3,2,76,12,3,13,457,23,156,0,76,0,22,44,57,0,3,23,29,0,12,7,2,16,99,115,0,48,60,9,55,2,7,4,2,21,33
"Cell484",0,71,0,18,2,42,1,0,2,33,44,43,1,4,43,14,69,3,4,27,7,27,0,1,3,22,46,58,0,5,0,16,1,12,1,5,5,4,0,48,119,1,0,44,1,48,175,2,9,68,14,9,16,263,36,151,0,81,0,10,32,133,3,0,6,25,0,17,4,5,19,93,45,0,25,78,17,48,4,15,4,0,22,50
"Cell485",0,30,0,13,1,38,0,0,0,17,37,38,0,6,29,6,34,0,0,14,13,14,1,5,4,28,18,59,0,2,1,8,0,16,0,9,10,2,1,43,49,0,0,51,1,26,96,2,2,72,14,0,2,201,23,96,0,38,0,2,12,15,1,1,13,46,0,5,2,1,2,61,35,0,21,31,8,19,1,11,8,1,12,13
"Cell486",0,36,2,14,8,37,2,0,2,27,51,57,3,7,19,1,50,0,2,26,9,23,9,5,3,44,33,105,0,16,2,14,1,8,0,5,7,2,0,45,68,2,0,37,11,21,175,1,1,72,11,1,7,338,16,163,0,73,0,11,20,88,6,1,8,37,0,3,2,1,2,36,81,0,21,52,5,57,0,7,0,1,17,19
"Cell487",0,10,2,8,0,15,0,0,5,26,23,37,0,0,22,4,29,0,4,3,5,9,2,7,0,11,11,50,0,3,0,3,0,1,0,3,1,3,2,13,63,5,0,22,0,25,102,2,7,33,7,1,2,143,11,94,0,48,0,9,23,37,3,1,4,14,0,9,3,2,6,40,43,0,34,19,8,26,1,7,2,9,8,21
"Cell488",0,42,1,4,3,48,10,0,4,16,70,24,1,25,3,40,15,1,5,6,9,21,0,2,11,6,9,119,0,8,0,32,0,5,0,1,0,3,0,87,25,9,0,9,9,24,115,2,3,32,25,1,14,41,16,45,0,2,0,6,25,25,3,0,6,21,1,6,10,1,9,28,6,0,188,7,0,30,1,10,4,1,17,23
"Cell489",0,38,1,14,1,18,1,0,2,9,51,39,1,4,16,12,58,0,1,23,5,12,0,4,2,19,14,59,0,7,0,14,0,4,2,3,0,3,0,37,53,7,0,36,0,22,103,0,5,33,7,7,3,198,36,82,1,67,0,10,24,54,6,0,10,12,0,13,2,2,6,52,25,0,16,61,20,31,1,3,8,0,11,19
"Cell490",0,65,1,11,2,46,0,0,1,14,42,50,0,3,20,18,29,5,1,16,2,14,2,8,2,20,28,70,0,8,0,6,0,7,0,11,4,3,0,49,77,3,0,36,4,21,151,1,7,63,32,0,4,177,19,127,0,47,0,6,51,52,2,1,10,15,0,12,3,5,7,33,26,0,25,59,8,51,1,6,6,0,14,35
"Cell491",0,55,1,19,1,25,0,0,4,27,74,65,2,2,24,6,22,0,4,13,11,14,3,2,2,28,43,62,0,7,0,15,5,12,3,9,0,7,0,66,44,5,0,27,1,41,206,5,5,78,19,9,8,428,28,153,0,67,0,12,35,69,1,4,11,26,0,9,0,2,2,91,77,0,31,66,18,39,6,17,3,0,11,21
"Cell492",0,25,0,9,6,31,0,0,0,28,38,44,0,2,12,6,46,0,1,23,1,19,1,3,0,7,36,61,0,6,0,12,0,5,0,7,1,3,0,45,64,6,0,16,3,21,142,3,4,49,9,0,2,210,22,85,0,45,0,10,13,29,0,1,7,30,3,7,0,6,5,30,38,0,10,47,22,28,1,11,11,0,17,24
"Cell493",0,31,1,18,6,38,0,0,0,32,54,44,1,15,31,11,50,1,8,21,15,17,4,3,1,17,16,58,0,8,0,16,1,4,0,15,0,1,0,41,46,4,3,57,6,25,114,0,6,81,19,3,1,219,20,122,0,65,0,6,36,39,2,0,13,18,0,13,4,3,3,93,61,0,32,59,9,38,7,2,7,0,14,25
"Cell494",0,42,0,26,1,46,0,0,8,22,67,51,0,4,37,7,50,1,2,14,1,28,2,2,4,34,31,59,1,12,0,14,0,6,0,9,7,0,1,46,63,0,0,51,3,16,156,3,3,92,10,1,5,332,21,176,0,68,0,7,21,85,6,0,6,18,0,10,2,10,14,50,62,0,35,56,15,24,12,15,8,7,15,54
"Cell495",0,29,2,9,4,52,1,0,1,16,40,48,1,4,17,7,47,0,4,20,1,38,2,0,3,24,25,73,0,2,0,14,0,6,0,3,5,0,0,45,29,8,0,18,1,23,105,0,5,61,14,5,1,200,20,88,0,52,0,3,9,60,1,5,5,10,0,8,3,3,4,36,36,0,20,35,23,41,0,4,1,0,12,18
"Cell496",0,32,0,11,6,44,0,3,0,20,67,19,0,0,41,12,25,0,1,24,3,6,3,0,5,33,16,68,0,8,0,16,0,2,0,4,5,3,0,37,47,3,0,44,6,34,105,5,6,55,18,10,11,207,21,90,0,51,0,14,33,75,0,0,4,28,0,0,5,2,3,43,36,0,28,35,16,42,0,15,13,2,16,21
"Cell497",0,54,0,13,2,14,1,0,3,14,63,41,0,6,50,4,16,3,0,19,9,11,2,0,0,9,29,55,0,12,1,10,13,2,1,4,4,0,0,19,43,5,0,44,3,29,219,5,10,68,11,5,0,246,16,86,0,55,0,8,27,48,7,3,3,30,0,1,2,4,11,56,31,0,29,73,28,31,1,2,1,0,15,26
"Cell498",0,47,2,8,6,25,0,1,1,29,48,32,0,3,24,10,49,0,1,21,1,21,3,7,1,34,36,55,1,10,0,6,2,7,0,1,10,5,3,49,29,0,0,20,3,55,104,0,1,52,5,2,1,265,13,86,1,47,0,0,19,51,2,3,3,15,0,10,2,3,1,55,62,0,27,49,17,28,0,6,7,4,6,14
"Cell499",0,31,0,28,4,31,3,0,6,27,68,66,1,13,30,14,64,2,3,40,4,31,1,4,4,27,33,65,0,19,0,10,1,10,1,9,3,2,0,59,81,9,0,38,7,23,170,7,4,87,13,9,13,335,52,110,1,37,0,9,22,78,1,2,18,40,0,2,3,3,9,50,64,0,36,64,11,41,4,9,4,1,15,42
"Cell500",0,35,0,8,2,23,0,0,0,21,33,38,3,2,27,7,32,0,1,18,6,14,0,4,1,14,24,92,0,17,0,15,0,2,1,5,1,4,0,59,40,6,0,30,3,28,151,3,7,92,8,7,3,283,34,101,0,52,0,10,27,48,0,2,4,21,0,6,3,4,4,45,58,0,41,68,7,25,0,8,5,3,7,28
"Cell501",0,21,7,8,11,21,0,0,3,9,35,42,1,3,33,13,35,0,8,26,10,18,1,4,1,38,29,47,0,7,0,20,1,5,2,7,17,4,0,60,53,0,0,55,5,32,131,0,20,60,20,5,4,279,19,116,0,67,0,9,30,68,1,1,14,24,0,8,2,7,4,98,79,0,42,63,42,29,5,7,3,8,19,22
"Cell502",0,48,2,22,7,47,1,0,5,17,65,40,0,7,50,5,46,1,3,39,12,10,3,0,1,17,34,107,0,5,0,7,1,8,0,13,4,1,0,44,32,10,0,36,6,43,160,0,0,46,21,1,5,252,22,120,0,51,0,9,15,93,2,0,5,23,0,4,2,4,11,36,35,0,40,56,9,27,3,5,1,2,5,28
"Cell503",0,63,0,29,11,25,1,0,4,19,39,32,0,1,19,4,28,1,1,18,9,18,2,5,1,16,43,63,0,6,0,6,1,1,0,7,4,5,0,51,68,6,0,21,1,23,148,1,15,65,15,2,5,243,22,127,0,48,0,4,18,42,1,0,8,23,0,6,2,1,11,68,37,0,31,69,18,40,3,7,3,3,11,23
"Cell504",0,28,0,13,1,46,0,1,0,16,35,33,0,10,16,4,56,2,0,11,4,28,1,9,2,28,22,76,0,7,0,15,6,8,0,6,4,0,1,58,51,2,0,21,15,24,160,1,7,63,24,3,1,395,21,189,0,57,0,2,22,52,3,1,7,13,0,5,1,2,6,63,51,0,17,44,11,46,0,5,8,0,19,15
"Cell505",0,52,2,34,2,45,6,0,4,24,67,59,0,9,28,23,50,4,8,13,5,52,1,2,4,24,53,85,0,19,1,17,1,7,2,13,6,0,0,34,47,4,1,44,7,47,165,0,6,79,15,5,7,393,26,226,0,61,0,9,35,81,4,1,14,50,0,14,0,7,4,116,106,0,21,123,15,57,5,15,4,0,16,26
"Cell506",0,42,0,17,2,16,0,0,2,23,55,53,0,6,27,8,39,4,3,24,2,19,0,7,4,28,23,54,0,5,1,15,2,0,0,13,6,9,0,25,76,1,0,66,6,12,129,1,9,47,8,1,2,356,27,96,0,76,0,13,23,81,2,4,11,35,0,3,3,1,7,48,63,0,38,75,19,15,1,13,9,2,12,20
"Cell507",0,38,0,15,3,30,0,0,2,15,44,16,0,2,27,14,32,1,4,13,0,17,0,2,0,22,19,54,0,14,0,13,0,2,0,14,6,3,1,38,45,0,0,17,0,23,94,0,0,27,10,1,1,189,9,65,0,36,0,7,25,43,2,1,10,21,0,1,1,3,0,22,40,0,13,32,14,25,3,9,3,0,3,8
"Cell508",0,61,0,33,5,37,0,2,1,26,73,28,2,6,30,3,66,3,5,33,14,35,0,2,2,46,19,83,0,11,0,4,0,21,0,9,2,0,0,57,66,2,0,49,17,43,184,3,12,89,23,1,6,217,42,102,0,60,0,6,29,57,1,5,15,47,0,11,0,5,8,28,49,0,40,88,18,34,0,7,6,1,6,17
"Cell509",0,74,0,39,1,26,1,3,3,60,51,49,3,23,20,17,47,1,3,28,23,23,7,1,1,28,56,73,2,7,0,15,1,9,0,10,1,3,1,61,68,3,0,39,2,24,153,11,5,54,10,4,7,365,45,164,1,82,1,2,42,52,4,1,8,39,2,5,5,4,10,115,82,0,60,65,17,38,1,20,7,0,12,41
"Cell510",0,17,9,27,6,35,0,0,8,22,43,41,0,3,30,0,36,0,1,22,16,7,7,3,0,27,40,91,0,3,0,2,1,6,1,14,3,4,0,59,44,16,0,29,4,31,176,1,2,78,16,4,9,222,29,171,0,56,0,3,40,48,0,6,8,45,0,5,6,1,4,78,39,0,19,111,21,35,1,12,3,0,16,25
"Cell511",0,33,1,16,2,28,0,0,8,14,69,70,0,13,55,7,69,3,4,16,13,28,8,2,2,38,50,77,0,10,0,20,1,1,0,7,4,0,0,68,79,4,0,76,2,40,152,2,8,59,8,7,10,208,29,145,0,70,0,8,44,90,8,1,14,40,0,7,1,0,8,70,63,0,28,85,14,37,0,12,7,0,17,14
"Cell512",0,43,0,6,6,41,0,0,1,10,58,32,1,9,16,6,30,0,0,18,4,16,1,0,1,34,48,32,0,15,1,5,1,1,0,16,5,0,0,27,27,10,0,35,1,24,140,1,2,53,10,3,7,210,27,137,0,41,0,23,11,60,2,1,7,24,0,2,3,0,3,37,37,0,16,68,20,20,3,11,6,2,14,22
"Cell513",0,32,4,10,4,30,0,0,1,5,49,57,0,1,29,4,58,5,1,16,3,15,2,3,0,18,40,63,0,13,0,4,0,1,1,9,1,0,0,52,49,10,0,39,15,25,122,1,19,32,10,3,10,249,27,111,0,54,0,3,24,74,1,7,10,14,0,10,2,1,7,58,48,0,19,35,10,47,2,9,3,0,9,22
"Cell514",0,59,6,27,9,42,0,0,9,19,74,39,3,4,26,16,56,2,1,24,10,19,2,0,2,21,51,90,0,15,2,20,4,11,0,10,4,1,0,46,68,12,0,16,2,26,181,1,1,66,11,3,15,287,27,125,0,57,0,2,16,56,1,0,4,31,0,9,1,2,13,62,70,0,43,62,25,28,0,19,10,0,11,20
"Cell515",0,54,0,21,13,42,3,0,11,31,76,52,0,4,20,7,34,3,0,12,14,22,4,1,3,23,36,88,0,12,0,10,0,9,0,10,5,1,0,79,84,7,0,23,2,37,176,0,7,98,22,8,9,323,29,153,0,55,0,16,34,58,3,4,14,60,0,7,0,10,3,104,49,0,22,69,17,54,4,3,2,1,11,25
"Cell516",0,62,1,23,6,69,2,0,1,30,45,90,0,1,62,18,28,2,7,18,13,24,2,2,3,37,28,94,0,20,0,15,6,7,0,12,4,3,0,48,62,13,0,20,9,26,190,5,4,49,32,4,6,409,46,112,0,89,0,23,37,60,1,1,6,41,0,6,5,4,10,83,68,0,25,104,15,38,8,18,0,0,14,28
"Cell517",0,54,1,28,2,47,0,0,5,23,52,42,0,11,28,10,28,2,2,43,2,20,4,0,0,8,26,49,0,10,0,3,0,5,4,5,19,3,0,50,64,4,0,32,4,39,104,4,1,67,16,21,3,321,21,112,0,49,1,4,25,100,5,5,21,12,0,3,6,4,5,39,52,3,34,53,36,35,1,8,5,2,15,31
"Cell518",0,20,2,3,1,23,0,0,0,14,30,42,3,4,13,5,18,0,2,26,4,10,0,0,0,13,13,59,0,7,1,3,0,8,0,6,3,4,0,28,34,1,0,31,1,22,103,2,6,39,11,8,6,152,18,107,0,26,0,7,30,39,1,0,10,9,3,5,1,3,5,44,50,0,15,51,28,18,1,6,3,0,7,24
"Cell519",0,29,4,7,6,60,0,0,5,13,39,66,0,11,38,2,33,7,3,18,17,28,5,3,5,20,15,56,0,24,0,11,0,4,0,8,7,3,0,80,48,2,0,42,16,17,167,3,1,47,5,0,4,283,14,127,0,51,0,15,16,68,5,2,8,33,0,7,7,9,4,93,51,0,25,60,27,24,0,4,2,2,2,25
"Cell520",0,47,1,32,4,64,0,0,2,17,61,64,0,17,32,8,60,0,3,27,11,35,4,1,1,24,35,51,0,16,0,13,5,4,2,15,5,1,1,68,85,2,0,57,2,38,203,4,6,110,8,6,5,262,39,202,0,67,0,15,39,108,6,5,13,45,2,15,9,5,3,66,74,0,51,139,25,47,2,7,3,6,22,28
"Cell521",0,39,0,15,2,34,0,0,10,22,54,87,3,1,30,12,75,0,3,19,5,17,4,2,7,23,32,116,0,6,0,13,1,8,3,18,2,2,0,56,63,3,0,41,2,21,145,4,0,68,27,3,7,259,23,103,0,92,0,8,30,60,2,6,11,29,0,7,0,1,6,65,46,1,43,51,25,26,1,20,1,0,12,57
"Cell522",0,32,0,5,9,24,1,0,2,16,37,33,0,4,18,19,35,2,0,33,1,14,0,0,4,7,25,33,0,8,0,3,3,1,3,5,2,0,0,43,41,5,0,26,0,26,96,1,5,78,5,9,0,184,14,76,1,61,0,11,13,47,3,1,8,19,0,3,3,4,9,30,37,0,25,33,16,28,0,8,4,0,15,20
"Cell523",0,40,0,16,2,46,0,0,0,29,77,46,0,6,44,18,54,1,0,28,11,16,3,0,3,17,15,62,0,8,1,5,3,5,2,10,6,2,0,56,50,1,0,18,10,21,163,9,7,58,9,3,5,406,25,137,1,63,0,2,26,84,0,1,7,42,0,11,10,5,6,71,63,0,37,59,32,38,0,6,3,1,34,24
"Cell524",0,74,0,12,4,41,0,0,0,14,46,50,0,10,22,14,49,3,0,12,9,22,2,1,4,35,14,42,0,7,0,15,3,0,4,5,3,0,0,46,50,3,0,26,2,27,131,3,2,65,10,2,7,214,31,97,1,27,0,2,36,48,6,0,7,21,0,6,0,5,5,76,32,2,40,50,22,34,1,8,3,1,7,20
"Cell525",0,58,3,30,5,44,0,0,7,21,85,70,1,3,29,23,46,4,7,30,6,24,3,4,0,28,24,70,1,16,0,21,1,7,6,16,2,5,0,47,52,4,0,48,5,23,222,2,8,88,28,4,4,409,15,138,1,79,0,20,27,50,1,1,19,49,0,4,0,2,4,80,85,0,59,64,32,48,0,8,6,1,19,23
"Cell526",0,90,2,20,3,35,1,0,4,30,49,53,0,8,22,4,66,0,2,26,5,16,2,0,3,38,30,110,0,6,0,21,0,3,3,12,3,13,2,48,60,7,1,35,1,35,178,0,8,68,25,5,11,373,33,157,0,49,0,7,29,56,3,3,9,37,0,9,0,3,11,64,59,0,22,103,12,40,2,6,14,0,13,18
"Cell527",0,54,0,18,10,40,3,0,6,12,51,68,1,5,37,25,42,4,2,23,13,31,0,4,0,29,55,79,2,13,0,26,1,16,2,7,4,0,0,54,65,6,0,64,4,41,183,2,9,99,11,8,9,327,40,185,0,69,0,14,38,57,3,1,13,39,0,1,13,0,8,112,74,0,23,47,16,43,1,30,6,0,9,23
"Cell528",0,36,0,16,5,7,0,4,5,13,64,43,0,2,9,1,23,0,2,15,6,13,3,1,0,14,45,41,0,3,0,7,1,6,0,5,3,3,2,22,35,3,0,18,10,13,119,1,6,50,10,1,6,190,18,88,0,51,0,2,12,32,1,5,2,19,0,7,2,1,8,15,47,0,22,43,20,34,0,5,4,1,4,16
"Cell529",0,50,0,17,2,38,0,0,3,27,39,80,0,3,10,12,47,4,2,25,14,18,2,3,0,21,52,117,0,7,4,17,4,13,1,12,1,3,1,39,83,3,2,44,2,30,155,3,3,117,7,14,9,303,59,120,0,63,0,8,20,88,0,3,6,22,0,3,3,3,11,73,69,0,56,118,22,46,0,11,7,0,15,33
"Cell530",0,48,4,11,6,41,0,0,1,23,40,69,0,4,37,12,31,0,1,6,11,10,6,6,0,49,20,55,1,17,2,19,0,4,1,12,4,8,2,50,62,4,0,57,7,45,212,4,4,64,16,2,6,268,23,155,0,91,0,10,32,79,2,0,4,54,1,6,0,2,11,57,33,0,36,71,18,53,2,24,8,1,15,24
"Cell531",0,29,1,21,11,33,0,0,2,18,33,26,0,6,28,4,29,2,1,23,4,8,1,0,0,14,14,56,0,5,0,9,0,1,0,8,2,0,0,20,36,5,0,33,0,7,110,0,1,34,12,0,1,181,5,81,4,39,0,5,16,63,2,0,15,20,0,6,6,4,4,69,56,0,15,34,5,20,0,16,1,0,5,23
"Cell532",0,54,1,8,1,34,0,0,6,15,49,25,0,0,18,8,35,1,1,38,9,6,1,2,1,10,21,41,0,11,0,3,1,5,4,6,1,0,1,40,28,4,0,26,2,13,77,1,9,53,11,5,7,136,18,67,1,51,0,10,10,53,1,0,9,22,0,2,2,3,4,67,23,0,18,45,13,21,0,13,10,1,18,31
"Cell533",0,44,0,16,2,42,0,2,6,21,52,50,2,9,28,15,43,1,2,17,3,15,1,1,5,27,41,62,0,3,0,8,0,1,0,14,3,1,0,40,77,18,0,44,2,28,220,3,3,77,13,16,3,329,47,140,0,66,0,4,37,67,1,0,9,54,0,9,1,7,12,66,25,0,42,85,16,50,2,9,0,3,23,27
"Cell534",0,45,0,32,1,54,0,1,1,32,71,63,0,7,34,26,68,0,5,33,18,16,3,4,2,31,52,98,0,8,0,9,1,4,1,12,10,0,0,49,75,24,0,45,17,29,226,7,4,65,16,5,2,320,31,132,0,73,0,3,29,81,2,7,14,33,0,6,4,8,3,63,51,0,98,54,16,40,4,12,0,0,19,27
"Cell535",0,34,0,15,1,28,4,0,3,19,38,22,0,7,27,7,37,1,0,7,7,20,3,0,1,18,29,43,0,2,0,7,2,9,0,15,3,7,0,47,51,8,0,36,1,16,126,0,16,62,23,4,2,175,18,73,0,39,0,5,17,80,1,7,11,30,0,7,1,2,6,54,39,0,34,59,13,31,1,9,3,0,22,20
"Cell536",0,38,0,20,0,14,2,0,3,12,31,32,1,5,16,6,41,0,4,21,1,33,6,0,1,12,22,35,0,6,0,11,1,5,2,3,0,5,0,25,36,2,2,21,1,23,93,0,3,30,9,0,1,139,22,79,2,41,0,7,30,46,1,0,9,15,0,12,4,2,13,37,19,0,29,45,15,22,2,3,4,0,12,3
"Cell537",0,26,1,19,0,17,0,0,3,12,48,57,0,2,26,6,46,2,3,19,4,17,9,7,2,22,17,82,0,8,0,16,0,5,0,10,3,4,0,21,39,1,0,23,0,30,117,2,12,68,9,2,4,322,25,129,0,43,0,8,33,59,2,1,6,54,0,1,5,2,5,64,32,0,62,55,18,32,0,2,6,1,20,26
"Cell538",0,41,1,24,2,28,0,0,3,20,84,38,2,9,36,11,55,0,1,18,9,6,7,0,0,19,28,69,2,19,0,16,2,4,1,16,10,0,1,52,29,7,0,25,4,27,152,3,4,55,4,4,4,243,16,131,0,61,0,4,42,92,7,1,24,22,0,13,2,6,5,55,42,0,27,62,23,39,1,7,4,2,25,32
"Cell539",0,40,0,31,7,44,1,0,5,26,63,58,1,6,21,5,43,0,11,30,11,17,4,5,3,22,39,63,0,26,0,15,1,11,0,6,0,4,0,67,117,3,0,52,10,42,135,3,7,75,7,1,1,267,18,136,1,118,0,5,72,104,2,8,8,24,0,7,1,4,3,48,47,1,40,91,8,59,0,7,1,0,23,42
"Cell540",0,13,0,7,0,16,0,0,3,20,22,25,0,6,17,2,25,0,5,22,1,21,8,0,2,22,24,29,0,4,0,10,1,4,0,6,15,3,0,21,22,5,0,23,2,9,114,0,2,40,3,2,4,213,23,82,0,38,1,4,17,27,3,0,6,16,2,2,4,2,1,45,35,0,20,21,12,19,0,5,3,1,1,31
"Cell541",0,35,1,17,7,30,1,0,2,27,37,73,3,1,38,20,58,3,3,25,5,17,2,9,2,24,45,63,0,22,1,6,1,12,0,9,2,5,0,93,106,6,0,33,8,25,206,2,10,96,25,4,4,329,16,126,1,64,0,9,32,78,6,0,19,45,0,8,2,2,8,81,47,0,47,69,24,35,1,13,6,3,21,20
"Cell542",0,30,3,9,6,44,0,0,1,13,23,43,0,1,26,12,26,3,4,34,6,21,4,2,2,38,42,46,0,11,0,16,0,10,0,10,4,0,0,45,36,14,0,43,4,17,155,0,1,71,17,2,1,224,30,137,3,82,0,3,28,69,1,3,6,42,0,5,10,2,10,93,65,0,36,69,18,48,9,6,5,0,11,11
"Cell543",0,49,0,2,5,17,0,0,5,23,38,53,0,12,37,16,40,0,0,26,12,34,3,1,5,23,26,64,0,8,0,8,0,3,0,8,7,3,0,48,56,5,0,55,7,40,123,0,3,45,18,4,5,298,28,136,0,66,0,12,22,52,6,2,9,19,1,2,1,4,8,42,47,0,36,40,16,31,1,4,2,0,8,21
"Cell544",0,47,2,12,6,40,1,0,4,11,79,60,0,6,9,10,20,4,2,20,5,32,1,7,1,35,34,44,0,6,0,15,0,9,0,8,5,4,0,50,39,9,1,35,8,39,199,1,2,62,15,3,1,287,22,139,0,51,0,11,18,86,3,2,6,17,0,7,5,1,10,48,51,0,39,71,19,33,3,10,4,1,24,25
"Cell545",0,67,0,20,1,49,1,0,3,46,47,31,5,11,16,4,25,2,1,29,4,21,5,5,1,25,30,74,0,12,0,14,0,3,1,6,4,10,0,63,59,4,0,29,6,22,175,5,5,66,16,4,3,249,16,135,0,69,0,8,37,72,1,5,11,29,0,14,2,14,16,48,30,5,36,77,13,44,7,10,7,5,2,21
"Cell546",0,44,1,23,16,31,0,0,2,19,65,37,1,6,22,2,44,0,0,23,8,35,1,5,2,27,11,44,0,15,0,9,0,7,0,8,11,2,0,47,65,5,0,54,4,36,185,0,3,59,16,3,9,282,35,110,0,42,0,10,28,81,3,2,20,27,0,8,2,0,6,81,69,0,21,71,21,30,0,7,1,1,13,33
"Cell547",0,34,2,15,3,28,1,0,8,14,87,57,2,5,13,3,59,3,3,30,8,14,5,3,0,36,27,54,0,4,0,6,1,4,0,10,0,0,4,58,51,19,0,34,4,31,162,3,1,66,18,5,4,320,36,98,0,76,0,4,21,77,1,5,4,34,0,6,3,0,6,105,56,0,24,74,27,25,0,15,4,0,4,26
"Cell548",0,27,1,22,1,23,0,0,1,13,36,35,1,6,20,9,22,0,1,15,0,15,1,1,4,15,25,23,0,17,0,8,0,3,1,9,2,4,0,50,26,1,1,20,2,19,98,4,1,43,12,1,7,224,20,97,0,64,0,19,23,38,0,3,16,23,0,0,5,3,8,46,29,0,15,44,8,26,0,8,0,0,6,11
"Cell549",0,61,1,21,1,33,1,0,6,16,47,54,0,9,26,17,79,0,1,31,13,13,0,4,3,41,19,61,0,14,1,12,0,12,0,13,2,0,0,42,95,3,0,69,2,48,251,1,9,82,2,5,4,333,16,159,1,57,0,19,27,42,3,2,21,25,0,3,2,2,8,53,73,3,27,88,24,48,1,13,3,0,15,28
"Cell550",0,56,5,15,2,37,0,0,1,26,54,43,0,0,37,8,35,3,0,29,7,27,0,0,1,32,22,46,0,10,0,14,0,5,0,8,5,1,1,55,56,6,0,23,8,40,204,4,1,81,9,2,23,280,39,110,0,43,0,5,28,68,0,2,10,22,0,8,3,6,5,52,62,0,31,71,11,25,5,15,3,0,17,24
"Cell551",0,88,0,19,8,36,1,0,9,31,83,37,0,19,34,17,54,0,3,24,7,23,6,1,0,47,29,98,0,8,0,10,1,8,1,7,2,0,0,59,51,7,0,43,2,17,213,3,12,62,24,10,5,352,38,120,0,85,0,9,34,77,5,2,8,26,0,18,1,2,6,53,57,0,28,56,13,54,3,10,7,0,17,25
"Cell552",0,31,2,23,2,43,2,0,2,20,56,34,0,6,16,7,31,0,8,30,8,37,4,1,2,22,46,78,0,10,0,10,3,4,3,7,3,0,2,45,84,5,0,47,4,33,152,3,4,73,10,5,4,236,25,124,0,69,0,8,29,75,3,0,5,30,0,3,6,1,7,61,85,1,21,76,23,36,1,8,1,6,19,18
"Cell553",0,41,4,28,0,30,0,0,0,22,66,33,0,2,16,6,12,6,2,6,7,4,8,1,1,40,23,41,0,2,0,8,0,4,0,4,1,4,0,23,47,1,0,22,2,30,116,0,11,46,19,5,6,296,16,62,0,49,0,6,20,56,1,0,9,16,0,3,3,6,4,30,16,1,24,33,20,42,2,10,1,4,8,17
"Cell554",0,40,1,21,13,37,0,0,1,28,30,36,0,11,31,7,31,2,6,25,8,6,5,10,2,20,31,70,0,8,0,13,3,7,0,4,3,0,0,61,119,3,0,30,1,20,208,2,5,71,7,10,6,339,21,105,0,41,0,10,38,78,3,0,11,24,0,18,0,1,12,77,59,0,22,67,25,44,1,11,3,0,14,29
"Cell555",0,63,0,21,4,15,3,0,1,24,34,35,0,4,31,6,32,1,4,15,1,15,2,5,6,28,39,67,0,19,0,12,0,4,0,9,4,0,0,48,66,8,1,32,2,34,107,1,3,52,8,3,6,301,20,95,0,60,0,8,38,70,4,9,9,25,0,2,4,3,13,49,46,0,30,41,10,32,2,7,3,1,8,22
"Cell556",0,22,0,16,4,23,0,0,2,14,41,48,0,4,17,4,42,2,3,12,2,8,0,6,0,22,20,42,0,10,2,8,0,2,1,2,6,4,2,37,40,1,0,20,2,19,88,4,0,64,7,6,5,172,19,104,0,34,0,5,25,28,0,4,10,38,0,4,1,1,8,59,42,0,30,55,13,27,0,9,3,0,8,37
"Cell557",0,44,0,26,2,48,1,0,1,39,74,65,0,6,49,7,61,0,4,18,10,27,0,3,6,32,33,88,0,7,2,10,2,8,1,9,4,1,0,56,64,1,0,32,3,64,181,1,14,72,13,11,8,228,40,117,0,69,0,13,40,79,2,0,4,35,5,9,4,2,5,75,58,0,33,119,9,40,0,17,8,0,17,32
"Cell558",0,52,0,7,1,53,3,0,3,15,46,49,0,5,25,3,31,1,7,23,12,18,2,3,2,27,40,83,0,8,0,14,2,15,0,5,2,0,0,65,84,1,0,66,5,72,167,0,4,62,8,4,15,366,20,164,1,94,0,5,44,83,5,1,13,30,0,8,4,4,8,59,63,0,91,59,28,22,3,12,10,1,14,30
"Cell559",0,47,2,14,3,47,1,2,5,25,48,44,0,15,32,7,22,1,9,17,7,13,6,6,3,18,23,79,0,16,1,15,1,4,0,9,4,2,1,59,68,5,0,35,1,25,227,3,9,95,13,11,4,214,26,120,0,66,0,8,27,90,3,0,9,21,1,13,5,0,3,47,43,0,24,51,9,53,2,7,3,0,23,19
"Cell560",0,63,0,18,1,45,0,0,2,20,38,93,0,3,46,12,51,4,2,17,11,27,7,1,1,32,28,46,0,9,0,6,2,3,1,2,0,0,1,32,55,6,0,48,3,24,166,2,9,72,10,2,0,255,21,102,0,63,0,15,58,61,1,0,8,39,0,2,0,6,6,97,89,0,45,76,23,40,0,12,2,0,18,17
"Cell561",0,44,0,15,2,37,0,0,4,21,81,58,0,7,31,15,33,5,3,30,4,16,3,3,5,33,35,86,0,13,0,13,4,4,3,6,2,1,2,40,56,7,0,62,4,45,152,4,5,64,22,1,7,287,22,139,0,38,0,6,19,50,0,3,11,31,0,5,1,7,14,51,73,0,69,60,27,56,7,4,2,1,11,33
"Cell562",0,71,0,19,12,49,1,0,4,25,78,49,1,7,44,7,52,3,0,33,14,22,1,2,1,36,38,75,0,18,1,23,2,13,2,13,1,3,0,53,104,8,0,40,9,37,164,5,1,72,18,1,9,330,49,133,0,82,0,10,76,70,1,12,5,24,0,11,2,4,9,47,61,1,51,59,38,38,0,4,1,4,11,22
"Cell563",0,66,2,13,1,33,0,1,2,21,60,57,0,3,28,4,45,4,1,26,5,44,3,2,4,25,28,67,0,6,0,10,0,2,0,7,4,0,0,43,47,0,1,32,3,23,185,1,2,64,15,8,13,271,20,88,0,60,0,7,24,70,2,3,7,43,0,9,7,4,9,64,49,0,36,98,15,36,1,8,1,2,15,18
"Cell564",0,24,1,21,4,43,0,0,2,9,69,46,0,1,29,1,29,4,6,20,10,16,4,0,1,38,33,56,0,9,0,13,2,14,0,4,9,0,0,46,36,8,0,27,0,15,133,2,2,56,13,1,9,262,29,93,1,45,0,5,12,80,3,4,7,30,0,3,1,7,8,45,37,0,33,50,16,32,0,9,0,0,10,20
"Cell565",0,43,0,9,3,27,5,0,6,24,73,57,0,3,10,8,30,2,1,27,4,14,2,3,3,18,21,66,0,6,0,6,1,2,4,5,4,5,0,35,39,3,1,23,4,31,137,1,8,31,14,5,2,254,19,80,0,63,0,2,15,53,3,0,4,23,0,8,2,3,1,55,51,0,31,43,10,22,3,2,6,1,11,23
"Cell566",0,38,0,8,5,40,4,0,3,28,68,45,0,4,23,4,42,1,6,13,0,11,5,1,0,20,58,106,0,17,0,5,0,7,0,6,4,0,1,53,57,5,0,24,3,43,154,1,16,53,14,3,5,313,19,109,0,59,0,4,15,83,4,2,5,27,0,7,5,3,6,73,66,1,40,50,25,34,0,7,2,1,18,18
"Cell567",0,73,3,12,4,33,2,0,5,25,60,57,0,4,24,8,47,9,4,32,22,36,0,1,3,21,36,76,0,8,2,8,1,5,0,4,13,3,0,62,76,5,0,37,5,26,208,3,1,97,9,12,6,365,26,139,0,97,0,8,34,95,3,0,12,42,0,3,5,5,9,69,55,0,36,35,37,62,3,18,11,6,18,16
"Cell568",0,41,3,19,3,35,6,0,3,22,62,68,0,18,21,15,44,3,3,33,15,16,2,7,3,15,31,80,0,9,3,7,0,4,0,4,6,1,0,72,56,14,0,28,1,53,220,2,8,52,18,5,10,359,25,143,1,62,0,16,26,79,1,2,9,20,0,6,2,2,7,50,80,0,30,89,10,40,0,5,7,1,25,29
"Cell569",0,75,1,16,0,18,5,0,2,11,36,48,0,9,27,14,35,6,0,35,10,15,7,5,1,12,17,41,0,8,0,12,1,9,0,4,3,4,0,49,62,7,0,34,2,38,126,3,16,83,16,4,10,225,33,106,0,52,0,5,29,78,0,0,3,10,0,9,4,2,9,64,53,0,27,91,18,24,2,11,2,1,16,22
"Cell570",0,53,1,19,7,54,2,0,5,20,48,49,0,6,31,7,30,2,3,10,19,8,7,1,0,31,22,64,0,8,2,3,0,7,0,6,4,2,0,44,43,2,0,34,5,31,147,2,5,104,14,1,3,285,20,161,0,60,0,6,28,54,6,4,8,13,0,21,1,3,10,48,87,0,21,46,38,43,0,7,7,0,9,16
"Cell571",0,73,0,29,8,33,1,0,3,49,58,69,1,9,28,6,89,0,12,25,3,21,13,1,3,36,44,97,0,17,0,10,3,10,0,15,1,2,0,48,52,0,0,39,5,52,225,2,8,103,7,1,6,364,34,156,0,95,0,25,45,119,2,4,4,44,0,6,10,8,11,110,53,0,47,50,31,44,2,8,4,1,31,36
"Cell572",0,39,0,11,5,12,1,0,7,6,32,37,0,1,28,11,43,1,2,17,3,8,1,1,1,15,28,100,0,6,1,7,0,5,0,9,7,0,0,29,74,4,0,36,1,16,102,2,1,60,4,2,2,198,28,128,0,41,0,7,44,51,0,9,5,11,0,4,2,2,0,92,25,0,25,66,14,27,1,21,6,0,16,20
"Cell573",0,39,0,25,5,46,1,1,3,27,54,71,1,7,25,20,53,2,2,35,3,45,9,2,1,43,36,67,0,13,0,11,1,4,1,7,5,4,8,56,52,12,0,32,5,38,148,4,9,98,11,12,12,344,29,164,0,78,0,11,24,50,1,0,9,23,0,7,6,2,12,57,63,0,30,82,62,44,3,12,1,1,14,26
"Cell574",0,49,0,17,1,43,7,0,0,21,54,47,6,7,19,9,38,4,9,19,9,31,8,1,1,26,35,60,0,33,0,11,0,13,2,12,9,4,0,52,56,2,0,48,4,36,255,2,5,71,11,2,4,471,21,146,0,77,0,19,42,69,1,0,20,46,0,4,2,5,14,82,63,1,29,42,15,47,3,19,3,2,14,26
"Cell575",0,72,6,14,5,33,1,0,11,21,74,73,0,8,26,41,42,1,1,31,11,17,2,4,7,41,38,171,0,21,0,14,3,15,1,12,6,0,4,62,113,3,2,35,5,43,160,5,8,124,20,9,6,370,45,159,0,102,0,12,27,64,3,2,5,32,0,5,2,2,6,65,58,0,32,58,19,31,1,20,0,5,22,29
"Cell576",0,42,0,8,8,24,0,0,2,21,57,32,0,4,27,7,29,0,1,15,3,14,1,5,0,22,21,50,0,6,0,17,0,6,0,3,7,1,0,45,47,7,0,26,4,19,223,0,7,64,18,2,9,183,11,91,0,64,0,5,33,49,1,0,21,27,0,3,3,1,5,53,38,0,24,57,23,40,0,19,12,2,11,29
"Cell577",0,44,1,28,6,32,3,0,5,15,74,54,0,5,37,12,41,4,1,35,11,27,5,2,2,26,45,77,0,5,0,10,0,6,1,18,11,3,0,46,66,9,0,61,5,46,162,8,0,108,13,1,10,288,27,145,0,64,0,1,30,77,0,4,5,38,0,8,3,3,13,82,49,0,42,61,26,43,0,8,3,0,5,44
"Cell578",0,32,2,16,2,39,0,0,2,26,50,42,0,3,19,6,35,3,2,23,13,15,0,2,4,45,21,61,0,9,0,10,2,8,0,4,3,1,0,40,41,4,0,35,12,30,95,3,4,46,18,1,7,304,24,136,0,45,0,2,30,43,0,6,6,34,0,3,5,4,4,26,36,0,40,59,14,46,0,5,4,5,12,27
"Cell579",0,53,0,23,8,25,0,0,1,27,64,34,0,11,37,11,30,1,3,14,11,27,1,1,3,21,19,61,0,4,0,11,4,8,0,8,7,2,0,34,31,1,0,36,5,20,203,0,1,54,15,3,5,171,26,88,0,67,0,9,29,73,1,1,9,29,0,8,2,1,3,44,55,0,62,76,12,33,2,10,4,0,15,21
"Cell580",0,31,0,19,2,15,0,0,5,38,62,91,0,4,8,22,35,0,0,23,16,31,1,2,1,15,26,68,0,6,0,11,0,11,1,19,3,3,0,35,68,8,0,36,4,37,83,1,6,55,25,6,7,262,20,119,2,36,0,14,25,76,0,3,9,20,0,2,4,8,3,77,60,0,22,56,20,35,0,12,10,0,16,15
"Cell581",0,34,2,17,2,25,3,0,5,28,57,28,0,4,43,8,73,4,0,28,4,14,2,0,1,29,33,46,0,16,0,5,0,4,1,9,2,0,0,70,43,4,0,45,7,35,195,3,0,52,6,12,5,194,27,103,0,42,0,11,20,68,1,1,8,26,0,18,1,1,0,48,47,0,30,54,7,50,1,15,2,1,12,13
"Cell582",0,41,0,23,1,34,0,0,11,26,50,46,0,16,41,17,51,1,2,22,6,12,6,0,2,34,41,35,0,12,1,6,2,7,1,6,3,2,0,40,86,4,0,41,4,39,156,0,5,72,18,8,4,261,37,110,0,73,0,7,24,87,3,0,11,23,0,3,2,8,1,55,43,1,31,90,37,27,0,9,4,1,11,24
"Cell583",0,58,0,13,0,38,7,0,0,39,61,52,0,11,23,11,29,0,0,24,5,14,8,0,1,29,24,80,0,2,0,10,1,6,0,11,0,11,0,37,53,4,0,23,3,42,158,4,3,61,16,6,6,265,28,149,0,66,0,12,13,65,1,0,3,39,2,11,0,0,8,26,39,1,32,77,13,34,0,6,2,1,38,47
"Cell584",0,30,0,10,0,47,0,0,2,20,57,60,0,10,18,7,62,1,1,23,2,18,0,5,2,15,29,43,0,8,0,9,2,7,0,4,12,2,0,77,65,6,1,39,1,16,174,1,9,58,13,5,13,249,35,126,0,50,0,2,11,48,7,0,8,19,0,19,0,3,4,50,69,0,34,56,23,34,9,9,5,2,14,7
"Cell585",0,51,7,9,1,38,1,0,4,7,69,63,0,4,31,7,41,1,4,14,4,14,1,2,0,35,24,70,0,7,1,5,3,3,0,7,16,5,2,24,36,1,0,43,4,34,148,0,3,70,13,5,6,205,12,104,0,58,0,4,27,76,1,5,11,21,1,3,0,2,4,75,48,0,33,70,8,29,0,15,1,1,14,20
"Cell586",0,54,0,35,2,19,2,0,0,23,73,46,0,17,30,12,35,1,4,21,5,15,6,2,2,29,21,71,1,12,0,14,1,9,0,10,7,2,0,36,44,7,0,46,3,21,177,1,10,98,11,2,3,285,30,120,0,48,0,26,37,59,1,1,20,51,0,7,2,6,6,89,49,0,30,76,12,22,0,10,7,0,14,27
"Cell587",0,28,1,17,7,27,0,0,3,16,41,57,0,1,26,6,28,1,2,27,0,5,0,1,1,26,31,66,0,9,1,12,1,9,1,5,0,4,0,43,30,7,0,28,5,22,131,3,1,47,14,3,8,245,18,80,0,36,0,2,13,64,8,1,8,14,0,7,4,0,9,16,49,2,26,70,9,36,2,13,5,0,16,11
"Cell588",0,22,1,20,2,30,1,0,3,25,63,21,1,4,33,8,29,2,2,32,2,15,0,0,1,18,25,55,0,2,1,6,0,7,0,12,2,2,1,59,34,13,0,52,3,23,168,0,1,73,10,3,11,241,29,156,0,50,0,8,27,50,5,0,9,22,0,2,5,2,8,37,34,0,24,49,25,44,0,3,1,1,7,35
"Cell589",0,41,3,27,7,57,0,0,6,20,48,74,0,6,28,14,54,1,0,30,13,32,2,1,1,38,43,93,0,11,0,9,0,5,4,10,7,2,1,66,58,11,0,82,3,29,218,1,8,84,47,3,8,383,19,170,0,102,0,13,19,64,1,0,19,15,0,8,1,6,7,54,91,0,42,83,21,46,3,14,9,0,11,25
"Cell590",0,60,0,7,7,41,0,0,1,18,48,71,0,11,47,8,35,2,1,25,5,22,0,2,5,42,46,67,0,9,0,5,0,12,6,5,8,1,0,38,95,5,0,32,5,30,122,11,13,57,9,8,5,293,23,138,0,89,0,2,19,80,3,5,12,32,0,1,5,3,9,33,40,0,19,69,28,48,0,12,5,2,12,29
"Cell591",0,27,0,13,1,26,1,0,2,24,25,79,0,13,19,19,45,3,0,30,3,26,2,5,2,22,42,53,0,14,0,15,0,8,0,6,6,2,0,57,50,5,0,37,0,46,204,0,3,59,19,8,9,298,21,97,0,88,0,7,30,104,1,2,21,23,0,0,1,1,16,65,51,0,32,48,37,55,2,3,3,0,18,20
"Cell592",0,53,0,13,3,17,3,0,3,32,63,73,2,9,25,12,30,2,0,17,5,18,0,3,5,22,26,62,0,4,0,5,1,5,3,10,4,0,0,34,34,9,0,57,3,24,180,5,9,60,8,5,10,264,22,122,0,59,0,3,34,76,2,5,15,51,0,3,3,4,9,51,54,0,28,53,28,26,5,8,10,0,22,18
"Cell593",0,27,0,26,2,34,1,0,0,23,66,39,1,1,23,6,22,7,1,12,1,14,0,1,0,25,29,67,0,3,0,8,0,5,0,14,0,1,1,54,21,5,0,16,1,33,145,1,2,54,11,6,2,165,25,87,0,45,0,8,19,66,0,2,4,28,0,4,2,2,8,41,21,1,16,53,3,32,4,12,5,2,12,18
"Cell594",0,33,3,21,1,31,0,0,7,18,37,31,0,3,19,7,41,1,5,9,9,36,5,9,0,20,18,28,0,14,0,8,0,2,0,3,0,3,0,56,56,1,0,63,1,44,106,0,3,65,13,2,4,245,17,83,0,51,0,10,20,57,3,0,3,29,0,5,0,2,9,68,42,0,42,77,9,20,0,19,2,1,10,23
"Cell595",0,51,8,18,9,41,1,0,5,33,75,64,0,8,40,14,40,6,3,26,7,33,5,2,1,51,28,100,0,15,1,9,0,6,0,11,14,7,0,42,51,9,0,39,2,54,229,4,11,88,17,5,6,381,22,170,0,52,0,8,41,129,6,2,6,43,0,16,10,0,10,56,50,0,32,50,12,50,4,15,11,0,15,30
"Cell596",0,81,5,31,0,51,0,0,1,62,69,58,0,2,25,19,56,5,5,31,25,8,3,6,4,31,45,146,0,8,0,6,1,12,2,12,4,1,0,50,68,4,1,64,12,57,157,4,14,102,17,8,5,401,53,124,0,67,0,17,34,58,3,7,16,35,2,4,3,11,6,78,63,1,34,63,21,54,2,16,13,3,12,28
"Cell597",0,39,0,24,2,63,1,0,0,21,47,43,0,13,14,4,40,2,0,14,2,14,0,0,3,18,27,74,0,14,0,4,0,10,1,8,3,1,1,26,19,2,0,52,1,16,111,1,2,53,17,2,3,295,33,109,0,42,0,10,29,34,0,9,7,45,0,18,1,5,4,51,44,0,50,56,27,28,0,8,4,0,6,11
"Cell598",0,58,0,10,4,34,0,0,5,20,67,68,0,5,29,17,18,1,0,28,7,23,6,1,4,30,24,81,0,9,0,11,0,10,0,2,2,0,0,51,76,7,1,19,0,43,123,3,3,67,6,4,10,270,26,141,1,54,1,14,26,94,4,1,20,27,0,4,1,9,15,103,89,0,44,72,26,32,2,5,8,0,33,25
"Cell599",0,61,2,18,1,47,0,0,3,25,52,43,1,8,30,12,31,7,0,32,3,8,4,0,3,31,49,81,0,7,2,12,3,11,1,6,6,0,0,62,94,4,0,42,2,44,127,4,1,80,11,2,0,268,26,155,0,56,0,3,45,95,0,1,13,17,2,9,4,1,14,65,42,0,36,27,12,37,0,10,2,0,9,21
"Cell600",0,39,2,30,3,33,0,0,0,15,45,34,0,3,22,7,26,2,1,30,6,17,4,0,8,43,20,64,0,7,0,6,2,14,0,12,1,1,0,52,51,2,0,26,5,32,141,3,2,64,6,1,8,282,12,109,0,42,0,13,20,59,1,1,6,24,0,6,2,0,13,49,51,0,41,47,5,37,3,18,8,0,12,24
"Cell601",0,48,4,20,4,34,1,0,5,30,64,41,0,6,18,9,44,2,5,27,10,11,8,3,5,28,31,73,0,7,0,6,1,7,2,14,3,3,0,33,72,5,0,33,5,38,148,12,15,66,11,6,3,213,12,94,0,44,0,8,16,46,2,0,7,27,0,3,2,5,3,60,57,0,17,67,18,36,2,9,4,0,14,21
"Cell602",0,26,0,16,6,25,3,0,5,17,41,33,0,21,32,6,65,1,1,13,4,28,1,1,3,15,28,62,0,4,2,13,0,12,0,13,1,3,0,47,107,6,0,36,3,25,172,1,4,62,10,13,2,319,9,155,0,59,0,14,23,76,3,3,7,17,0,12,5,1,2,67,31,0,38,63,33,24,2,15,3,0,18,21
"Cell603",0,44,1,14,0,32,0,0,2,5,34,25,0,3,23,5,38,0,2,11,0,22,2,7,4,17,36,51,0,8,0,5,3,7,4,10,4,0,0,32,24,10,0,33,5,15,98,1,5,31,12,1,1,147,16,112,1,45,0,7,25,55,9,3,12,28,0,6,3,1,7,48,44,0,33,43,10,40,2,11,3,0,15,13
"Cell604",0,36,0,19,8,42,0,0,0,15,33,38,0,1,18,6,44,1,0,7,5,15,7,3,1,22,30,65,0,13,0,10,0,11,0,1,1,0,0,52,53,2,0,40,1,29,151,3,3,70,10,5,1,202,26,80,0,49,0,12,30,30,2,0,14,29,1,6,1,5,2,66,51,0,7,42,33,31,4,3,3,1,10,22
"Cell605",0,39,0,20,6,36,2,0,6,26,67,55,0,9,36,15,33,2,0,30,8,30,3,4,11,38,23,59,0,5,0,8,1,16,0,8,6,2,0,69,56,4,0,53,12,33,189,4,11,81,23,5,8,344,17,113,0,62,0,7,17,61,6,1,8,43,0,6,6,2,9,67,53,0,35,70,21,25,2,8,2,1,19,22
"Cell606",0,20,0,6,2,41,0,0,0,13,30,36,0,3,31,3,46,1,0,21,3,14,3,0,2,9,20,40,0,5,0,3,0,1,0,4,1,4,0,27,34,2,0,29,3,17,69,3,2,40,9,0,3,192,20,71,4,44,0,10,17,44,0,0,12,23,0,10,5,2,2,50,33,0,15,59,16,25,0,1,9,0,6,11
"Cell607",0,43,0,17,5,46,0,0,2,17,45,31,0,4,10,24,33,2,1,28,12,32,12,4,4,18,14,62,0,14,0,6,0,7,1,6,0,1,0,27,55,4,0,27,6,21,89,6,0,34,9,5,1,239,18,92,0,50,0,13,21,63,2,1,10,14,0,7,5,4,10,46,48,0,24,58,13,42,4,2,3,0,8,28
"Cell608",0,88,7,19,5,45,0,0,10,34,77,79,1,13,21,11,60,4,1,53,22,16,6,5,3,32,48,120,0,18,0,17,4,9,2,17,6,4,3,82,70,7,0,66,13,27,235,2,6,92,26,3,7,453,27,220,6,52,0,4,47,64,6,3,16,27,0,13,6,4,2,62,81,0,47,102,26,73,1,13,8,0,29,49
"Cell609",0,25,1,28,5,29,3,0,2,25,55,65,0,7,32,9,90,4,0,22,7,15,7,0,5,16,37,70,0,8,2,12,2,6,0,17,6,1,0,50,71,10,0,30,0,28,154,1,2,59,21,2,2,196,28,145,0,70,0,8,20,61,2,3,13,51,0,0,3,10,4,80,79,0,16,56,17,31,1,14,4,1,13,28
"Cell610",0,35,0,16,1,56,1,0,3,31,29,33,0,6,19,29,33,1,2,29,7,10,1,2,5,19,5,64,0,6,0,15,3,9,0,15,0,1,3,30,82,0,0,36,4,28,145,1,3,98,22,2,5,300,35,124,0,51,2,11,16,61,4,0,16,37,4,0,6,3,5,68,58,2,22,83,13,17,3,17,7,6,22,23
"Cell611",0,44,1,8,2,28,0,0,0,15,47,43,1,0,13,10,40,0,2,9,4,32,0,1,3,21,22,67,0,12,0,10,1,2,1,2,5,1,1,50,31,1,0,40,2,18,144,0,12,59,6,0,1,187,21,72,0,61,0,2,61,47,3,3,11,14,0,11,5,1,8,53,40,0,65,82,26,46,2,5,4,0,16,37
"Cell612",0,42,1,14,0,31,1,0,1,18,61,41,0,7,25,9,40,0,1,26,3,11,0,1,5,16,28,50,0,5,0,8,0,13,0,6,3,4,0,31,40,4,0,42,5,36,157,1,2,65,14,3,4,235,45,161,0,59,0,5,16,35,2,2,3,25,0,2,3,0,3,30,50,0,29,73,5,34,0,9,8,1,13,19
"Cell613",0,35,3,17,6,28,0,0,3,30,76,49,2,4,37,12,41,4,1,13,9,20,4,5,1,27,26,74,0,8,0,1,0,11,1,7,5,8,0,57,51,1,0,17,3,41,185,1,5,46,36,6,10,304,24,128,1,78,0,4,15,39,1,1,6,23,0,7,2,2,5,37,55,0,32,69,13,51,3,14,5,3,9,39
"Cell614",0,73,0,16,2,42,0,0,2,12,40,40,5,6,26,10,19,2,1,39,5,23,4,5,2,19,42,99,0,15,5,8,2,14,3,2,3,6,2,51,72,1,0,37,6,35,118,3,7,72,29,1,2,308,13,153,0,51,0,4,28,61,3,7,12,42,0,4,4,0,7,85,53,0,40,75,19,45,2,37,5,0,20,34
"Cell615",0,74,0,16,6,34,0,0,0,20,68,40,0,8,32,7,39,0,2,21,6,20,3,2,2,17,20,58,0,6,0,12,0,8,4,2,6,1,0,39,64,1,0,24,0,27,129,0,11,53,8,7,11,273,48,91,0,57,0,10,15,96,5,3,22,46,0,3,1,6,1,97,55,0,39,52,15,33,2,8,2,0,18,20
"Cell616",0,40,1,36,0,17,3,0,1,21,58,44,0,5,24,12,43,2,7,30,5,23,0,0,1,18,39,82,0,4,0,14,6,8,0,11,8,8,0,43,74,6,0,28,1,30,193,1,4,48,3,4,2,336,38,119,1,52,0,26,38,96,2,8,11,29,0,4,6,4,4,48,38,0,12,49,27,35,8,7,4,1,19,21
"Cell617",0,32,1,25,1,39,0,0,1,8,54,42,0,16,33,8,33,2,0,26,8,27,7,2,2,32,36,44,0,3,0,11,0,5,0,9,7,2,0,49,48,2,0,28,1,25,94,1,2,49,20,5,3,245,18,125,0,51,0,5,22,70,8,1,14,13,0,2,3,4,3,40,52,0,26,33,14,38,0,5,7,0,19,16
"Cell618",0,34,0,18,2,31,1,0,6,15,96,58,0,4,29,10,30,0,5,31,4,8,1,4,3,27,45,69,0,7,0,11,2,8,2,7,2,1,0,62,60,4,0,51,5,36,201,0,3,46,18,2,4,262,30,143,0,47,0,18,37,46,0,2,5,16,2,10,3,3,11,58,35,0,23,43,7,41,2,2,2,2,9,13
"Cell619",0,35,0,25,4,32,5,2,0,21,75,60,0,2,38,13,30,1,0,18,7,16,0,1,1,41,34,87,0,12,0,10,0,3,1,11,5,1,1,55,95,2,0,55,3,23,146,5,5,63,30,9,13,266,18,85,0,70,0,7,31,90,1,4,23,25,0,16,8,1,3,48,40,0,38,118,11,36,4,11,10,0,28,25
"Cell620",0,28,0,19,6,36,0,0,3,25,35,35,0,5,19,9,58,5,1,15,10,19,4,1,1,15,26,83,0,17,1,11,0,13,0,4,1,0,0,42,32,14,0,40,0,17,176,2,1,40,24,0,1,234,23,133,0,57,0,7,16,39,2,2,5,40,0,5,2,1,2,32,59,1,28,61,14,49,5,3,9,1,6,27
"Cell621",0,56,1,17,10,47,4,0,1,21,55,55,0,13,8,6,42,3,4,18,5,20,7,2,6,25,35,73,0,12,0,6,2,7,1,6,4,12,0,78,85,7,0,51,3,33,177,0,18,57,15,8,6,252,25,112,0,62,0,6,27,47,8,3,16,44,0,8,4,5,5,104,71,0,39,88,22,40,2,5,0,2,11,11
"Cell622",0,66,1,21,8,45,3,0,1,35,63,58,0,10,25,9,41,2,5,15,6,17,3,1,4,58,20,147,0,18,0,15,2,2,0,17,5,6,1,76,100,6,1,95,13,54,288,13,9,92,27,2,5,379,30,236,0,98,0,25,58,104,2,1,15,24,1,8,9,7,16,112,61,0,40,115,25,41,12,23,14,5,18,52
"Cell623",0,25,0,7,5,42,0,0,1,10,50,56,2,5,16,7,34,2,3,14,10,17,0,1,0,21,13,87,0,21,2,8,3,4,0,7,3,4,0,34,44,3,0,35,1,33,109,3,1,75,17,6,9,244,29,54,0,67,0,5,12,60,3,0,3,21,0,6,5,3,2,43,53,0,39,54,9,25,0,2,4,0,15,29
"Cell624",0,51,0,36,4,14,0,0,3,34,36,60,0,5,13,14,42,1,5,27,7,19,1,5,4,24,17,57,1,18,0,11,1,8,1,2,10,1,0,37,52,1,0,42,4,35,130,0,1,74,10,4,3,282,20,112,0,60,0,12,24,40,1,0,9,26,0,3,6,1,3,59,52,0,32,82,7,30,3,21,3,1,8,36
"Cell625",0,51,0,3,1,25,2,0,3,35,34,58,0,3,12,18,14,1,0,5,9,23,1,3,1,32,37,48,0,3,0,7,2,5,0,6,3,2,0,57,71,1,0,19,5,29,106,0,11,85,9,2,2,309,33,130,0,77,0,1,13,77,1,0,9,15,0,9,4,2,3,42,53,0,34,30,32,30,2,7,7,0,3,11
"Cell626",0,47,0,40,7,46,1,1,11,17,60,61,0,2,31,15,54,4,1,54,7,44,7,9,1,28,36,111,0,2,6,12,0,9,0,16,5,9,0,27,111,6,0,73,3,65,177,2,15,138,17,8,4,348,24,169,4,84,0,19,15,90,8,2,17,53,0,6,1,5,0,71,77,2,59,74,14,38,3,10,6,0,20,45
"Cell627",0,26,0,18,9,31,0,0,2,21,25,34,0,4,35,7,18,4,0,11,10,29,3,3,1,25,13,59,0,2,0,9,0,2,0,5,4,1,0,34,35,2,0,40,6,25,144,0,5,64,14,11,8,262,31,101,0,36,0,2,21,66,3,0,6,42,2,4,5,1,11,43,20,0,22,39,8,35,4,5,8,0,19,13
"Cell628",0,46,2,19,1,48,2,0,0,26,53,30,1,21,31,10,44,0,4,19,1,15,8,4,1,29,34,73,0,3,0,17,3,4,0,4,4,5,0,34,30,3,1,18,3,31,99,0,1,79,13,6,2,168,18,73,0,55,0,8,21,80,1,1,8,25,0,0,7,1,1,37,54,0,16,46,7,26,2,7,3,1,17,21
"Cell629",0,67,3,26,6,30,0,6,6,17,61,35,0,1,30,13,26,1,5,10,6,22,6,3,1,40,37,65,0,14,2,8,3,3,0,4,5,0,0,62,47,6,1,44,6,26,171,1,3,70,11,5,6,335,36,168,0,59,0,13,35,61,0,4,12,15,0,10,3,1,11,81,68,0,30,65,22,48,6,19,3,1,13,17
"Cell630",0,40,3,9,6,24,2,0,5,18,62,47,1,2,24,14,27,0,1,30,7,21,9,2,1,39,37,78,0,9,0,14,2,6,3,16,3,0,0,36,89,6,1,38,2,28,146,4,5,69,13,9,4,295,49,110,0,59,0,5,28,66,0,1,11,23,0,7,3,4,3,104,44,0,41,46,11,38,5,10,4,7,27,49
"Cell631",0,39,0,8,3,29,0,0,0,15,51,63,0,11,11,8,32,1,2,27,2,18,1,0,3,20,10,67,0,7,1,6,2,12,0,1,0,0,0,34,44,3,0,12,1,26,179,16,4,30,16,0,3,232,24,54,0,47,0,11,17,43,7,2,6,25,0,3,6,8,11,68,39,0,38,50,11,31,2,3,5,1,16,26
"Cell632",0,48,0,12,8,37,9,2,2,14,72,32,0,43,16,46,12,7,4,3,6,1,3,0,22,2,11,134,0,6,0,30,2,15,0,12,7,5,1,129,22,6,0,12,9,44,140,1,5,30,43,16,26,93,4,54,0,16,0,10,26,41,10,2,4,34,0,10,34,3,10,34,5,0,204,21,0,46,0,13,4,0,15,29
"Cell633",0,45,0,10,3,27,0,0,3,29,50,29,1,6,26,15,39,3,1,27,5,17,1,3,0,24,12,33,0,9,0,19,0,1,0,4,0,1,1,22,80,3,0,57,2,14,118,1,13,41,16,5,0,206,13,101,0,33,0,8,25,90,8,0,14,10,0,12,3,3,0,55,29,1,22,66,11,59,3,12,2,0,19,29
"Cell634",0,76,0,14,1,32,1,0,4,34,55,35,7,3,21,11,47,1,7,26,11,44,4,0,2,17,34,33,0,5,2,14,0,2,0,7,4,1,0,44,51,6,1,35,8,26,153,5,2,64,20,5,1,194,31,110,0,72,0,21,31,79,2,2,5,24,0,9,0,2,4,101,24,0,29,44,24,37,0,4,3,1,20,26
"Cell635",0,34,1,3,3,29,0,0,2,20,35,40,0,2,22,11,28,4,1,23,1,19,9,7,1,23,47,60,0,1,0,9,1,3,0,2,0,2,0,44,45,9,0,43,9,16,96,2,4,51,7,4,4,239,38,112,0,39,0,14,21,56,0,1,4,25,0,1,5,2,6,62,68,0,40,69,10,27,1,11,8,0,16,12
"Cell636",0,16,1,13,1,26,3,0,0,13,33,47,0,13,17,7,27,2,6,27,3,10,1,4,3,23,29,47,0,13,0,9,2,11,0,7,4,1,0,51,59,7,0,38,10,39,160,2,5,68,8,2,25,263,40,122,1,60,0,0,21,71,10,8,14,33,0,3,2,0,3,58,47,0,12,39,22,34,1,2,2,4,8,37
"Cell637",0,53,1,26,1,28,0,0,5,28,56,87,1,9,39,9,34,1,5,31,14,25,0,2,2,26,49,85,0,15,0,14,1,8,0,5,9,4,0,80,74,2,1,66,2,53,167,1,4,67,15,0,5,331,21,148,0,49,0,7,39,55,0,2,17,33,0,14,2,6,13,78,73,5,62,89,15,50,0,6,13,0,13,20
"Cell638",0,56,3,16,2,61,0,1,3,40,64,77,0,6,34,6,69,2,5,24,20,33,1,9,0,43,32,104,0,21,0,16,0,7,0,6,5,2,0,58,71,8,0,35,4,49,269,3,18,86,25,6,9,425,37,130,0,95,0,10,42,95,2,1,7,52,0,4,5,17,15,76,68,0,39,104,38,45,0,21,2,2,26,47
"Cell639",0,51,2,13,6,30,0,0,2,26,52,68,0,8,24,10,43,0,0,17,0,9,1,2,0,19,15,18,0,3,0,5,0,5,0,16,4,2,0,35,57,6,0,32,7,33,90,3,3,47,10,6,21,199,22,107,0,56,0,4,27,52,4,3,7,10,0,1,15,1,1,75,47,0,41,65,45,17,1,12,2,0,6,16
"Cell640",0,52,2,15,3,22,0,0,1,14,96,55,0,4,15,19,43,3,1,34,12,20,5,0,3,27,30,77,0,8,0,3,4,2,1,9,3,1,0,63,55,7,1,40,1,27,198,1,9,70,13,4,7,356,35,141,0,56,0,10,35,79,2,4,3,20,3,9,2,9,7,69,54,2,34,108,30,49,2,6,6,0,7,26
"Cell641",0,31,0,24,3,38,4,0,5,26,43,56,2,5,13,4,27,1,0,22,26,12,0,6,4,13,24,45,0,4,0,8,2,3,6,5,2,6,0,32,47,3,0,36,3,23,181,3,3,88,8,3,2,265,26,94,0,53,0,15,22,51,0,4,4,30,1,8,4,3,5,51,34,0,24,53,17,32,0,15,1,1,14,17
"Cell642",0,28,0,22,1,34,0,0,4,15,42,39,0,2,22,9,39,0,3,13,6,18,1,5,1,31,37,89,0,13,0,7,2,3,3,13,4,0,0,55,47,4,0,44,10,29,194,3,3,53,16,6,2,279,24,141,0,41,0,8,23,64,2,1,12,27,0,8,9,3,4,88,75,0,33,64,14,34,0,7,4,6,21,29
"Cell643",0,25,0,25,5,31,4,0,0,16,38,48,0,2,19,4,34,4,4,14,4,15,1,3,1,31,21,48,0,4,0,4,3,1,1,14,4,1,1,40,66,6,0,42,1,18,130,2,9,54,13,4,3,221,16,144,0,51,0,16,24,74,7,0,5,25,0,2,0,0,6,52,46,0,27,66,24,27,0,17,2,1,14,23
"Cell644",0,74,1,20,5,23,0,0,3,21,103,45,7,6,46,11,40,2,2,19,4,28,0,2,2,40,63,53,0,5,0,17,3,6,1,9,3,2,0,67,66,8,0,36,3,17,153,3,4,90,9,6,1,392,48,153,0,97,0,8,37,93,0,6,7,30,0,3,1,3,3,54,74,0,34,56,20,54,2,7,12,2,10,33
"Cell645",0,53,2,33,5,47,1,0,4,17,37,49,2,10,61,9,60,0,5,24,11,15,4,2,0,36,27,102,0,6,3,20,2,10,2,14,6,4,2,70,62,4,1,37,6,37,254,5,5,126,23,9,10,338,22,161,1,77,0,11,22,113,9,0,12,26,0,6,5,7,3,79,74,0,38,82,5,44,1,16,7,1,28,40
"Cell646",0,71,0,25,12,42,0,0,1,35,74,83,0,7,34,11,35,4,4,30,6,49,4,0,2,48,40,139,0,16,3,25,1,18,1,13,7,2,0,72,95,3,0,35,1,49,180,1,10,101,24,15,21,456,47,175,0,90,2,19,23,66,3,8,11,39,0,12,10,8,7,90,78,0,36,60,19,45,5,20,2,1,21,48
"Cell647",0,40,3,15,8,30,1,0,1,37,51,25,0,11,39,6,34,7,12,12,5,22,4,3,2,19,19,75,0,9,0,3,1,9,1,5,2,1,0,84,39,1,0,48,2,32,110,0,5,90,8,3,6,163,23,114,0,35,0,13,31,51,8,2,7,10,0,2,6,3,10,85,50,3,34,49,2,40,1,12,3,0,15,41
"Cell648",0,57,1,11,0,35,0,0,3,24,74,56,2,10,44,6,42,0,4,21,16,17,2,3,1,28,29,64,0,4,0,6,1,10,2,4,2,2,0,51,92,2,1,37,2,22,164,2,1,51,6,0,1,352,13,135,0,68,0,9,23,37,0,3,10,29,1,5,1,1,6,76,43,0,33,91,10,62,8,16,6,1,11,22
"Cell649",0,50,0,18,2,37,0,0,5,13,43,44,0,13,25,8,46,0,4,45,11,31,9,0,2,25,29,116,2,4,0,16,0,6,2,12,0,2,2,60,56,17,0,44,3,54,236,4,11,45,14,7,4,249,36,101,0,71,0,11,31,74,3,3,5,20,0,5,6,3,12,65,33,0,32,22,24,36,0,8,8,2,8,8
"Cell650",0,37,2,8,3,44,0,0,6,26,40,48,0,1,39,10,31,0,5,22,6,29,1,2,5,23,21,106,0,3,0,11,0,8,4,12,0,1,1,54,67,0,0,47,2,35,154,0,2,70,20,4,4,195,29,128,0,37,0,4,22,62,2,3,3,49,1,0,1,0,7,53,31,0,39,47,39,40,0,16,6,3,6,23
"Cell651",0,36,2,16,3,58,0,0,7,41,66,41,0,11,30,10,40,0,5,31,7,17,2,5,1,34,37,66,0,11,0,7,1,6,0,19,1,4,0,51,65,7,1,36,7,36,166,1,11,73,18,4,4,302,28,141,0,86,0,8,28,74,5,1,6,43,0,6,4,2,7,96,48,1,46,62,21,32,1,12,17,0,17,31
"Cell652",0,48,0,13,6,50,0,0,4,11,75,52,1,9,30,14,73,0,3,27,3,26,3,2,4,18,39,77,0,9,1,13,0,3,0,1,5,4,0,57,66,5,0,49,2,34,161,1,1,77,20,0,4,302,42,118,0,76,1,5,19,69,2,0,7,41,0,7,4,2,5,123,63,0,42,54,21,38,3,11,10,3,12,37
"Cell653",0,63,1,20,2,47,0,0,1,22,37,81,3,1,24,1,36,5,4,19,12,18,0,1,2,15,43,59,0,7,0,9,0,6,0,11,2,0,0,59,61,2,0,47,9,32,147,2,8,53,15,16,1,342,25,113,0,64,0,4,40,71,0,4,6,25,0,5,2,0,6,74,36,0,23,51,13,41,0,4,1,0,10,43
"Cell654",0,49,0,22,3,44,0,0,1,22,46,26,0,6,21,9,10,3,4,34,4,12,0,3,1,31,18,51,0,16,2,20,1,2,0,16,6,0,0,21,25,0,0,22,2,14,152,2,1,50,11,2,2,307,24,123,0,56,0,12,23,60,1,1,9,16,0,1,7,4,6,61,29,0,25,53,2,21,0,18,6,3,13,10
"Cell655",0,36,1,23,4,45,0,0,0,10,60,43,1,11,26,10,37,1,3,14,5,11,2,1,1,17,26,57,0,7,1,12,1,4,1,6,4,2,3,17,43,1,0,31,3,47,152,0,6,69,18,7,4,209,27,97,0,43,0,2,20,62,0,5,7,45,1,6,3,1,3,45,18,0,20,64,16,43,1,6,4,0,15,26
"Cell656",0,26,2,22,7,20,0,0,1,20,31,35,4,1,16,3,35,0,5,26,7,6,4,0,0,46,18,47,0,8,0,8,3,0,0,3,0,0,0,52,19,3,0,14,2,15,77,7,3,47,17,7,1,264,26,87,0,42,0,11,10,55,3,3,2,41,0,12,4,4,6,50,53,4,40,52,10,27,1,10,4,0,17,15
"Cell657",0,32,5,25,8,49,0,0,8,29,54,47,0,13,27,12,53,0,0,21,9,8,3,3,0,32,16,57,0,10,1,18,0,9,1,7,4,1,1,32,67,5,0,74,0,44,198,1,5,60,18,3,5,305,24,102,0,59,0,5,47,66,1,3,16,18,0,7,16,5,12,40,54,0,18,92,12,51,7,14,2,0,15,15
"Cell658",0,40,1,25,6,77,3,0,2,29,78,68,1,7,39,15,64,0,2,30,19,37,3,11,3,36,38,100,0,8,0,23,2,4,0,12,6,4,4,42,59,1,0,23,7,34,226,0,6,70,20,6,18,302,45,195,0,84,0,16,44,94,8,2,8,14,0,7,14,0,10,113,53,0,26,69,7,42,2,29,15,2,20,40
"Cell659",0,43,4,12,10,45,0,0,2,9,56,30,0,6,25,6,18,0,0,25,5,17,8,4,0,24,26,32,0,7,0,7,0,3,0,2,1,0,0,25,49,7,2,30,1,19,109,4,2,54,4,2,1,147,14,81,0,61,0,3,12,42,0,0,10,6,0,2,1,0,0,83,46,0,18,72,10,27,1,17,0,0,9,30
"Cell660",0,41,0,17,16,22,0,0,1,19,43,39,0,0,19,6,54,3,1,30,7,45,4,4,4,26,26,54,0,5,0,3,0,7,0,5,9,4,1,51,43,7,0,28,3,25,213,0,7,52,16,6,3,215,31,87,0,35,0,5,25,38,2,0,8,18,1,1,4,6,3,31,39,0,20,44,8,55,0,8,1,2,19,24
"Cell661",0,43,4,10,7,58,0,2,4,33,51,50,0,3,38,7,27,0,1,33,14,27,3,0,6,13,25,59,0,4,0,13,3,6,0,3,6,1,0,50,60,8,2,37,4,37,168,0,3,68,17,5,2,371,15,132,0,64,0,14,22,44,4,0,17,26,0,20,2,0,5,56,94,0,23,69,12,44,0,9,1,3,18,28
"Cell662",0,44,1,19,2,17,1,0,5,30,59,91,0,10,36,8,26,7,2,18,20,49,5,1,0,25,36,73,0,8,0,15,4,12,2,14,2,0,0,40,85,5,3,33,8,39,152,2,5,63,7,0,1,247,19,130,0,79,0,4,30,48,4,0,9,33,0,11,7,5,21,101,38,0,33,85,26,25,2,3,9,2,20,20
"Cell663",0,41,1,21,3,29,0,0,6,21,84,81,0,4,36,14,25,2,3,35,5,39,3,5,5,24,47,68,0,6,0,10,4,17,0,5,1,2,0,78,75,3,0,47,6,25,226,1,10,106,17,6,25,260,36,148,0,64,0,9,55,70,4,13,11,34,1,8,2,6,1,110,66,0,25,85,33,46,2,9,4,3,24,24
"Cell664",0,31,1,16,2,31,0,0,5,24,62,40,0,8,15,7,41,3,1,22,7,8,3,1,0,20,33,64,0,5,0,5,0,8,0,12,1,2,0,66,45,2,0,35,10,25,223,1,7,71,12,3,2,230,34,104,0,60,0,15,17,101,2,0,5,24,0,5,4,0,13,82,49,0,27,52,20,40,0,15,5,0,8,20
"Cell665",0,39,0,9,2,21,1,0,1,21,63,61,0,6,23,3,39,2,4,18,4,13,3,2,0,23,22,41,0,7,0,20,2,5,2,13,3,0,0,40,40,9,0,28,6,25,118,6,5,47,9,4,0,260,15,113,0,56,0,3,20,80,8,0,9,32,0,7,4,3,2,78,61,0,26,80,23,25,2,10,3,1,9,12
"Cell666",0,32,1,10,1,37,0,0,3,16,62,46,1,21,22,2,42,2,1,47,2,12,13,7,0,22,27,73,0,16,0,20,5,5,0,11,1,1,10,51,37,5,0,61,4,40,164,4,2,83,12,4,6,300,17,89,0,42,3,4,30,82,0,5,11,20,0,5,3,12,10,71,35,0,28,29,14,44,1,6,2,3,11,12
"Cell667",0,32,0,24,6,43,0,0,1,22,43,43,7,5,31,8,26,1,6,19,5,14,1,0,4,20,18,53,0,8,3,3,0,2,0,6,0,2,0,39,68,16,0,30,4,19,138,0,0,70,12,1,8,197,25,112,1,22,0,6,16,65,0,3,9,19,0,2,5,0,5,44,31,0,31,50,9,22,2,3,4,3,10,20
"Cell668",0,47,0,22,0,24,0,0,0,16,23,32,0,0,19,9,20,5,0,25,6,9,1,4,0,25,31,46,1,8,0,7,0,11,0,5,2,0,0,52,34,3,0,13,1,15,112,1,6,30,11,2,4,239,17,116,0,52,0,5,18,27,2,0,8,30,0,7,0,3,4,12,46,0,39,42,26,29,0,9,14,0,7,12
"Cell669",0,51,2,37,5,50,0,0,6,38,70,69,0,2,32,7,28,0,5,31,9,33,1,1,0,62,38,89,0,15,0,17,1,8,3,11,1,2,0,39,32,4,2,30,2,52,203,6,2,90,22,12,4,335,23,111,0,78,0,8,33,78,1,3,12,29,0,6,1,0,11,53,65,0,27,91,17,48,1,8,7,0,18,19
"Cell670",0,50,1,21,3,36,1,0,1,39,75,48,0,6,20,6,18,1,2,47,3,36,2,2,6,16,13,54,0,11,0,16,1,5,0,10,7,0,0,36,57,5,0,31,11,32,185,3,0,38,17,4,13,235,34,158,0,90,0,4,43,54,3,3,12,35,0,10,4,1,4,54,48,0,34,99,15,52,2,10,3,0,13,32
"Cell671",0,45,3,8,3,35,0,0,0,10,49,59,0,4,30,15,61,1,3,27,9,14,0,2,2,22,29,67,0,10,0,5,0,2,0,6,4,5,0,59,58,3,0,48,1,23,200,3,4,57,20,5,4,367,44,58,0,96,0,6,42,64,5,2,9,31,0,23,2,3,2,65,63,0,25,75,14,41,0,12,3,8,10,31
"Cell672",0,27,0,13,0,68,11,0,1,10,28,65,0,3,25,6,19,9,3,14,5,18,1,5,6,17,19,61,1,9,0,8,0,4,1,1,10,2,0,60,52,11,0,32,4,32,168,1,11,70,23,1,4,240,24,113,0,44,0,2,28,71,3,4,5,8,0,6,6,1,4,71,39,0,21,73,16,38,4,9,4,1,12,22
"Cell673",0,34,1,15,7,27,1,0,4,38,57,14,0,3,27,9,24,7,1,13,8,14,0,9,6,16,18,60,0,8,0,11,1,1,1,13,7,4,0,40,25,13,0,32,2,35,138,6,2,88,10,5,7,235,8,88,0,35,0,8,28,44,0,1,8,19,0,7,1,3,3,34,14,0,26,55,6,23,2,11,7,1,11,24
"Cell674",0,36,5,32,2,45,0,0,3,40,76,40,0,6,32,10,51,1,6,31,12,26,9,3,0,50,46,84,0,6,2,5,4,7,1,15,5,4,0,66,45,2,0,26,0,32,243,4,2,88,7,5,3,365,30,100,0,57,0,7,41,61,2,0,12,46,0,3,7,3,4,43,72,0,46,54,11,35,2,9,4,0,8,20
"Cell675",0,62,2,13,2,43,0,0,2,21,38,41,0,2,18,9,33,3,3,27,4,18,1,8,2,40,33,95,0,10,0,10,0,3,1,19,4,1,0,63,99,0,0,43,13,28,216,2,16,83,24,6,2,301,11,138,0,56,0,8,17,50,5,3,22,20,0,10,1,2,4,49,55,0,53,77,17,38,8,23,5,1,9,40
"Cell676",0,37,0,14,1,25,4,0,0,3,29,34,0,5,16,3,44,3,0,22,9,4,1,1,3,27,21,42,0,3,0,8,0,6,1,11,4,0,0,44,16,2,0,41,0,20,109,0,1,40,17,2,3,204,27,92,0,25,0,12,13,30,2,1,9,28,0,4,4,3,5,50,33,0,13,47,7,21,7,8,2,0,5,17
"Cell677",0,48,0,17,4,50,0,1,5,31,84,31,0,1,28,6,25,1,7,41,4,23,0,3,0,18,44,77,0,13,1,7,1,8,0,5,3,2,0,51,61,4,0,53,6,39,182,1,2,54,23,4,9,397,30,132,0,82,0,12,29,90,4,1,5,25,0,4,5,3,6,34,40,0,61,73,13,48,1,13,9,0,19,16
"Cell678",0,46,0,29,1,40,3,0,1,15,62,60,2,6,41,25,39,1,1,19,7,34,3,1,3,24,43,82,0,10,0,16,1,8,0,6,11,1,0,54,83,5,1,47,5,57,174,3,7,67,10,4,6,309,45,162,0,74,0,12,36,111,1,2,21,28,0,13,1,3,5,34,51,0,29,83,36,34,3,15,1,1,19,22
"Cell679",0,56,0,31,8,32,2,0,1,22,47,54,0,9,45,3,41,1,7,16,10,28,1,1,8,28,14,49,0,18,2,15,1,13,0,12,5,4,0,34,39,6,0,28,5,35,170,0,10,58,1,3,6,299,20,118,0,46,0,6,37,92,1,1,15,20,1,5,8,3,16,39,75,0,11,47,18,31,2,12,5,0,12,29
"Cell680",0,31,4,13,9,33,1,0,5,36,88,76,0,8,54,17,46,5,1,35,26,29,3,1,9,32,68,116,0,13,0,21,1,8,0,18,6,4,1,50,122,17,0,56,5,46,305,1,7,76,53,16,12,465,34,210,0,84,0,5,33,100,4,0,17,24,0,6,1,18,13,56,69,0,46,95,30,39,2,11,7,0,10,27
"Cell681",0,27,1,13,1,21,2,0,5,30,55,30,1,5,26,6,32,0,6,19,9,11,4,0,1,17,49,59,0,11,0,8,0,2,2,5,2,1,0,53,33,10,0,30,3,24,95,6,4,69,7,4,6,187,27,86,0,34,0,4,25,50,2,2,8,16,0,7,0,0,7,28,51,0,26,48,13,15,0,3,3,1,7,32
"Cell682",0,64,3,23,2,31,0,0,2,23,62,97,0,11,19,8,37,2,0,38,5,28,5,6,1,43,49,90,0,2,0,9,1,1,1,2,0,3,0,25,70,5,3,51,1,15,147,4,7,56,26,1,3,345,29,124,0,53,0,11,17,85,2,0,9,32,0,10,2,0,4,78,52,0,25,45,12,43,0,18,11,3,7,27
"Cell683",0,50,0,19,5,65,1,0,5,33,26,70,1,1,32,8,24,4,2,36,8,7,0,3,2,30,32,69,0,5,0,4,1,7,0,3,4,1,0,25,57,3,0,13,7,23,177,1,8,69,5,0,8,254,22,107,0,55,0,19,30,81,7,1,13,40,0,3,1,1,9,56,41,0,29,86,12,36,3,5,4,0,9,18
"Cell684",0,64,0,22,5,42,1,3,2,39,72,49,0,9,45,19,32,2,5,29,11,23,2,3,4,42,63,118,0,6,0,25,3,15,0,22,1,7,0,95,101,13,0,67,1,63,283,7,3,120,12,7,9,497,26,168,1,81,0,14,47,135,11,4,22,42,0,5,12,6,9,130,84,0,60,108,27,72,3,25,6,1,39,46
"Cell685",0,43,1,13,17,20,1,0,4,7,58,27,0,5,18,4,37,0,3,22,1,23,2,3,0,35,39,55,0,4,0,14,2,2,1,8,0,0,0,32,78,3,1,27,6,34,166,1,6,65,15,1,8,269,18,118,1,40,0,6,20,37,1,1,5,30,0,4,3,1,11,43,79,0,28,58,11,27,4,14,4,0,15,28
"Cell686",0,40,3,18,3,26,0,1,1,25,64,45,1,8,33,13,51,2,6,48,11,22,2,4,0,34,29,91,0,8,0,6,1,2,2,22,2,2,0,65,63,2,1,56,1,58,184,6,5,111,13,9,7,252,30,113,0,61,0,13,23,96,1,0,13,24,0,5,10,3,7,90,60,0,25,71,10,29,1,16,6,0,14,57
"Cell687",0,42,1,11,5,35,1,0,2,20,60,44,0,5,35,11,36,4,0,29,3,31,4,2,1,34,30,55,0,10,1,9,0,6,1,8,3,0,0,65,49,10,0,38,11,31,177,3,7,58,10,5,7,322,20,114,1,69,0,16,32,76,3,3,12,21,0,3,1,2,7,21,51,0,17,47,20,29,2,8,6,0,11,21
"Cell688",0,49,1,18,4,32,0,0,2,23,63,48,4,7,10,3,39,1,0,14,4,7,0,2,1,31,26,59,0,7,0,10,0,3,1,20,3,1,0,55,43,0,0,52,0,36,117,0,13,47,9,3,6,196,19,89,1,70,0,6,20,38,2,2,10,22,0,11,0,2,9,51,44,0,16,88,22,21,1,6,3,4,9,19
"Cell689",0,52,1,27,7,18,1,2,6,15,72,50,0,4,29,10,30,2,1,39,2,13,5,5,0,36,21,67,0,4,2,5,3,4,0,5,2,1,1,35,67,7,0,35,5,35,154,1,13,46,17,3,1,242,20,108,0,73,0,5,40,57,1,0,21,18,2,8,2,4,2,74,42,0,26,71,13,35,2,8,1,1,10,17
"Cell690",0,36,2,11,3,34,0,0,0,25,22,29,1,2,18,11,39,1,2,12,7,5,1,4,3,14,22,53,0,10,1,3,0,10,0,5,8,2,0,46,28,0,0,39,1,27,93,2,1,67,2,5,6,174,40,95,0,58,0,1,25,59,0,0,11,28,0,6,0,3,10,38,27,0,17,31,9,38,0,11,9,0,8,17
"Cell691",0,28,1,18,4,49,0,0,0,22,37,47,0,6,46,3,27,6,4,27,7,29,2,2,3,42,33,96,0,11,1,17,0,4,0,17,3,0,1,46,52,2,0,35,4,42,164,0,1,99,14,13,6,322,27,144,2,113,1,10,31,57,7,5,9,39,1,1,10,2,2,63,76,0,37,61,20,49,5,13,11,0,18,28
"Cell692",0,65,0,31,2,59,0,0,2,30,54,66,2,9,20,5,37,2,13,31,14,45,5,4,2,15,42,73,0,21,0,13,0,3,8,13,6,2,0,36,39,3,0,50,3,19,164,3,5,57,20,7,22,300,35,175,0,54,0,12,52,42,1,3,11,44,0,11,1,2,4,90,67,0,53,39,25,38,5,9,14,0,20,21
"Cell693",0,48,0,24,5,45,1,0,5,27,54,51,0,4,28,13,47,4,4,38,8,20,2,2,0,30,24,57,0,6,0,10,0,8,0,11,2,1,0,66,64,8,0,50,1,20,164,6,1,93,12,3,5,320,21,119,3,34,0,10,23,45,1,3,14,49,0,2,1,5,9,81,28,0,26,59,21,40,1,14,4,2,23,36
"Cell694",0,24,0,6,1,27,0,0,1,9,39,37,0,5,23,21,18,0,0,11,2,20,7,1,0,27,30,86,0,5,0,12,2,3,0,2,1,2,0,23,56,5,0,20,3,13,111,0,4,53,15,1,1,208,18,99,0,48,0,14,19,38,6,0,8,30,2,8,0,3,12,29,47,0,22,43,16,20,0,3,5,1,13,7
"Cell695",0,50,1,16,0,40,2,0,1,16,46,67,0,3,42,7,48,1,2,41,6,19,2,9,3,42,20,66,0,20,1,8,8,4,2,12,4,1,0,88,83,5,0,30,14,29,184,3,3,83,20,3,4,410,41,169,0,103,0,15,51,63,3,4,12,27,0,6,3,1,9,37,62,0,61,90,11,42,0,15,3,2,6,39
"Cell696",0,48,0,13,5,35,0,0,4,12,67,41,0,5,17,6,38,1,1,11,6,16,4,3,1,22,32,54,0,14,0,21,1,3,0,5,4,6,0,22,72,9,0,46,5,21,172,0,8,85,12,4,9,283,14,105,0,86,0,5,29,34,0,0,11,21,0,3,0,5,8,46,37,0,22,56,21,46,1,10,2,1,25,13
"Cell697",0,46,0,23,6,24,0,0,0,23,51,57,0,5,29,8,22,0,1,38,15,14,0,1,2,27,53,61,0,9,1,5,2,1,2,12,10,0,0,29,62,1,0,51,2,54,178,7,7,80,16,7,1,254,26,118,1,78,0,10,26,60,3,2,13,31,0,6,4,4,13,60,82,0,19,54,22,42,0,10,6,0,6,24
"Cell698",0,49,0,47,7,57,1,0,1,31,79,64,1,6,70,17,52,5,9,30,16,16,1,6,5,54,41,117,0,17,0,24,0,13,1,9,1,1,2,79,91,12,0,70,9,44,269,0,7,114,32,9,22,397,24,211,0,84,0,17,28,129,4,0,19,33,0,5,0,10,5,63,134,0,64,73,30,47,2,2,25,3,21,46
"Cell699",0,37,2,8,4,26,1,0,5,11,31,24,0,10,23,3,19,2,2,24,13,26,0,2,0,27,28,50,0,32,1,5,1,0,0,2,4,0,0,49,29,3,0,39,6,25,111,4,4,61,12,4,10,233,23,86,0,65,0,12,19,78,2,5,5,30,0,6,0,4,15,37,18,0,30,59,13,24,1,10,8,0,12,14
"Cell700",0,74,2,15,0,22,2,0,3,21,56,38,0,3,25,4,51,3,1,12,13,9,1,1,0,29,33,49,0,6,1,6,8,9,1,16,1,1,0,56,58,4,0,49,3,25,122,1,5,79,3,6,2,284,33,100,0,43,0,6,21,68,0,1,4,31,0,13,5,6,8,60,50,0,27,87,31,41,2,5,5,0,9,49
"Cell701",0,58,0,25,8,41,0,0,2,46,71,56,0,7,27,5,54,2,5,36,2,20,0,1,0,40,25,121,0,23,0,2,4,9,1,17,5,2,0,54,40,6,1,42,8,33,169,0,4,76,18,4,7,257,50,104,1,87,0,10,53,82,1,3,16,34,0,14,2,2,5,60,41,0,35,46,21,37,1,4,6,0,10,45
"Cell702",0,41,0,17,4,35,1,0,0,23,82,31,4,0,46,13,53,2,1,30,8,29,2,2,3,29,33,99,2,18,0,8,5,6,0,11,5,1,0,44,69,15,0,63,1,37,123,0,9,101,12,2,4,344,32,109,1,76,0,7,35,75,3,1,4,24,4,10,14,2,1,46,44,0,43,39,25,34,2,9,5,0,23,24
"Cell703",0,53,1,10,4,61,0,0,1,17,63,43,1,7,29,24,56,4,1,26,12,22,4,5,1,29,50,88,1,6,0,5,0,5,0,13,3,4,0,36,70,1,0,51,5,43,135,3,0,78,16,4,3,321,31,196,0,79,0,9,41,52,3,4,9,42,0,10,4,4,7,77,52,0,35,115,17,33,5,13,9,0,12,34
"Cell704",0,68,0,13,5,27,0,0,1,10,61,48,0,7,20,4,45,0,10,26,8,11,3,6,2,32,26,66,0,13,2,12,0,11,0,10,14,5,1,61,61,5,0,61,3,51,163,3,7,92,11,5,14,390,35,112,0,56,0,9,20,91,4,2,10,33,0,2,4,4,4,49,59,2,23,60,18,41,3,6,5,1,15,23
"Cell705",0,37,3,8,2,41,17,1,2,20,130,38,1,33,24,41,14,8,2,9,6,18,1,2,6,12,6,252,0,0,0,32,0,22,0,10,7,6,0,128,25,11,0,16,22,56,149,8,3,53,43,7,19,88,3,55,0,17,0,8,23,53,13,6,12,50,0,9,48,11,17,60,9,0,232,11,0,33,9,7,1,0,22,25
"Cell706",0,40,0,9,6,26,0,0,8,23,43,21,1,3,5,5,27,2,2,5,8,2,4,0,1,11,16,39,0,4,0,5,0,2,0,4,6,0,0,30,32,4,0,28,3,9,64,0,4,51,9,3,0,167,17,93,0,21,0,1,11,37,0,1,7,28,0,7,3,2,5,31,26,0,22,23,10,35,3,12,2,0,3,26
"Cell707",0,59,1,16,8,57,1,0,4,24,72,56,0,5,40,22,39,0,1,33,2,21,5,7,3,32,54,94,0,11,0,14,0,10,0,15,2,0,0,52,73,9,2,48,2,33,208,3,9,94,16,6,6,397,40,147,0,76,0,8,23,71,0,7,9,89,0,14,6,9,21,45,32,0,25,78,19,36,0,13,6,4,25,30
"Cell708",0,47,1,12,0,46,0,0,3,26,44,36,0,5,19,0,39,1,0,23,11,15,0,7,0,14,16,55,0,9,1,9,1,12,1,6,5,8,0,25,47,3,0,61,4,37,125,6,13,48,18,4,2,232,13,93,1,66,0,18,38,56,1,0,1,19,0,19,7,7,4,44,60,0,44,70,17,34,0,8,4,1,21,30
"Cell709",0,65,9,18,6,33,0,0,5,53,67,54,2,5,27,9,60,4,3,26,11,28,3,4,4,37,28,77,0,12,0,12,0,11,3,13,7,4,0,45,78,5,1,40,3,14,155,2,3,84,15,14,5,296,43,165,1,60,0,9,34,64,6,2,20,38,1,15,10,6,12,87,44,0,23,63,29,56,4,8,2,3,17,35
"Cell710",0,32,0,16,0,58,0,0,1,26,36,61,1,9,22,13,42,1,0,14,3,31,1,0,1,21,30,67,0,19,1,14,2,9,0,4,4,1,0,36,45,1,0,40,4,19,162,1,11,52,13,6,3,264,22,111,0,95,0,4,46,70,3,3,13,18,0,2,3,2,5,64,59,0,31,67,10,43,7,7,7,2,10,19
"Cell711",0,27,1,19,3,41,0,0,4,23,68,62,2,4,23,18,47,4,1,21,6,26,1,1,0,22,23,61,0,14,0,13,6,6,2,11,0,3,2,50,54,1,0,36,3,37,139,0,6,61,21,2,4,263,17,129,0,65,0,2,30,80,4,7,3,25,0,4,6,4,17,67,72,0,31,103,16,40,5,6,4,2,11,11
"Cell712",0,31,0,12,1,37,0,0,10,9,22,24,0,3,20,6,40,4,2,7,0,8,3,0,0,20,18,74,0,1,0,8,1,0,0,7,0,5,0,36,25,6,0,23,0,28,66,6,7,51,13,0,3,179,28,60,0,29,0,5,15,30,2,0,8,8,1,4,2,3,5,34,29,0,16,45,24,31,0,2,1,0,5,7
"Cell713",0,37,0,7,6,35,0,0,5,21,29,33,0,3,24,11,18,1,0,29,1,22,0,0,7,10,38,66,0,15,0,5,6,6,3,6,3,7,0,28,59,5,0,34,3,30,159,2,1,55,16,11,4,255,21,88,0,60,0,12,22,57,0,2,9,37,0,5,0,0,3,77,31,0,17,70,6,24,1,5,4,1,7,13
"Cell714",0,37,1,10,0,28,0,0,2,26,53,46,0,0,36,6,32,0,4,20,6,4,0,1,1,18,29,46,0,7,3,5,0,8,0,1,1,0,0,40,37,3,1,30,6,26,72,3,8,28,12,2,0,294,28,123,0,46,0,11,18,62,1,0,6,27,0,2,3,0,5,84,41,0,22,40,6,20,0,15,2,0,4,14
"Cell715",0,39,0,12,1,34,4,0,1,9,28,45,1,3,19,12,25,0,2,11,5,13,1,1,6,28,30,37,0,10,0,6,1,1,0,8,3,3,0,35,43,4,0,34,2,45,165,0,2,40,24,0,4,154,14,119,0,55,0,2,12,52,0,3,4,16,0,7,0,4,2,53,27,0,5,44,25,22,1,13,7,0,6,15
"Cell716",0,22,0,7,5,26,2,0,0,22,32,47,0,2,18,13,39,0,1,19,2,6,4,2,2,29,15,61,0,16,0,6,0,5,0,8,4,1,0,50,29,5,0,57,5,27,108,0,14,39,15,5,4,163,17,116,0,35,0,7,22,35,3,1,9,27,0,3,0,4,2,48,24,0,24,46,11,20,3,2,4,0,8,10
"Cell717",0,23,2,25,6,47,2,1,2,36,64,53,2,9,41,4,48,4,4,30,3,17,7,1,1,23,31,52,0,3,0,12,1,10,1,4,2,1,0,60,38,7,0,55,5,29,140,2,7,65,16,4,9,304,44,162,0,79,0,6,23,86,1,5,10,41,0,3,1,2,10,75,34,0,24,58,15,46,0,24,4,4,7,30
"Cell718",0,47,0,16,4,37,5,0,3,28,63,45,5,9,18,20,18,7,5,16,8,21,2,0,3,30,54,36,0,12,5,9,2,7,3,9,9,1,0,34,42,0,0,51,9,26,141,0,5,54,13,5,6,287,15,154,1,48,0,21,45,53,4,0,15,29,1,6,10,3,3,47,66,0,28,67,13,37,1,12,5,0,7,42
"Cell719",0,36,0,19,7,23,0,0,6,56,54,53,0,7,21,8,28,2,2,32,13,16,7,0,1,41,44,63,0,10,1,5,1,3,3,4,3,6,3,55,86,5,0,25,4,26,135,9,2,63,24,7,8,321,31,91,1,45,0,11,38,63,0,1,4,28,0,16,0,1,11,51,39,0,35,88,13,53,7,10,1,1,16,20
"Cell720",0,22,1,11,2,28,0,0,3,13,52,61,0,5,19,6,26,1,3,13,5,15,1,1,4,25,12,45,0,10,0,12,0,1,1,7,7,1,0,38,42,1,0,27,7,27,125,0,7,47,13,0,1,271,17,83,2,51,0,1,6,63,2,0,6,22,0,0,3,2,1,55,46,1,33,61,3,28,4,4,1,1,5,19
"Cell721",0,25,1,23,4,20,0,0,1,4,37,32,0,1,19,8,29,3,3,20,5,15,4,2,0,16,27,36,0,4,0,14,0,4,1,8,1,1,0,26,32,4,0,37,1,27,81,0,7,43,16,4,6,204,23,69,0,50,0,5,15,73,0,3,1,8,0,8,0,4,3,69,27,0,26,31,15,13,2,22,6,0,10,15
"Cell722",0,47,3,15,1,30,0,0,3,29,74,58,2,7,27,7,15,1,2,14,9,12,4,1,5,28,31,97,0,10,0,24,0,7,2,8,10,1,1,53,35,10,0,20,4,36,124,2,4,40,8,8,3,341,29,120,0,58,0,12,23,58,1,0,24,23,0,22,1,1,5,37,53,0,24,54,17,27,1,7,7,0,6,26
"Cell723",0,43,4,18,2,34,1,0,4,15,54,64,2,3,31,12,46,2,1,11,13,19,0,6,7,34,21,73,0,8,0,17,0,7,0,10,4,6,0,57,67,2,2,38,8,36,170,0,22,95,17,6,2,318,32,126,1,54,0,12,40,108,6,1,14,30,0,0,3,3,19,61,25,0,33,51,37,37,0,22,6,0,21,27
"Cell724",0,35,1,9,1,35,2,0,0,22,65,42,0,6,25,7,25,0,11,26,2,18,2,1,5,32,32,46,0,11,0,5,1,7,0,3,2,3,0,14,43,4,0,26,6,21,163,1,8,89,11,2,1,285,25,131,0,53,0,4,16,109,3,3,5,16,1,13,3,5,12,50,47,0,14,71,10,29,0,15,4,0,9,19
"Cell725",0,21,0,18,2,36,0,0,1,7,44,54,0,3,21,8,22,2,3,24,7,17,3,0,1,13,20,64,0,9,1,6,1,3,0,3,2,4,2,18,43,12,0,33,2,44,175,0,2,59,6,7,4,190,18,115,0,72,0,7,25,71,1,2,3,14,0,3,0,6,5,30,24,0,24,64,21,23,0,11,3,1,7,27
"Cell726",0,27,1,15,7,72,3,2,2,18,30,42,0,1,21,4,27,1,3,24,5,17,2,1,0,40,24,86,1,13,1,7,3,17,3,11,1,1,0,27,59,1,0,21,0,14,110,3,14,59,6,1,6,247,18,80,0,60,0,3,25,44,3,4,6,34,0,3,0,10,2,45,43,0,30,48,28,23,2,10,8,0,16,12
"Cell727",0,21,2,11,3,47,0,0,0,8,52,34,0,2,35,8,20,2,1,17,0,17,1,2,2,3,51,65,0,3,0,8,0,5,0,1,3,1,0,30,39,0,0,30,3,12,117,1,8,51,3,2,5,240,25,81,0,47,0,15,13,41,3,1,2,30,0,5,6,5,5,60,39,0,13,34,19,13,1,3,1,1,13,22
"Cell728",0,50,1,24,4,49,0,0,4,19,74,25,0,5,13,7,23,4,2,6,2,15,3,1,1,28,19,55,0,8,0,13,0,7,0,5,2,2,0,36,35,2,0,29,7,30,141,0,3,68,20,12,6,278,35,108,0,44,0,10,28,63,4,0,1,24,0,10,1,2,8,51,39,0,29,56,20,42,3,17,3,0,10,29
"Cell729",0,55,3,22,7,19,0,1,0,23,67,46,2,3,14,5,62,4,4,30,12,14,2,3,1,32,34,88,0,11,0,11,0,8,1,11,0,3,0,57,55,4,0,53,0,37,147,0,14,84,16,5,6,294,33,161,0,71,0,11,14,74,3,2,12,23,0,7,5,2,3,63,72,0,37,42,16,32,2,13,4,0,13,36
"Cell730",0,36,1,12,0,37,0,1,6,26,45,30,0,6,15,5,16,3,0,13,7,41,3,12,6,20,19,71,0,3,0,12,0,11,0,9,0,2,1,37,42,6,0,28,6,25,145,3,2,83,17,2,0,326,32,143,0,58,1,4,30,68,1,0,10,16,0,5,7,11,1,60,54,3,17,49,15,26,0,7,1,1,4,19
"Cell731",0,41,0,9,3,29,0,0,2,23,45,46,3,4,28,5,35,1,2,30,3,8,0,3,4,22,44,51,0,8,0,9,2,2,0,10,0,2,0,42,29,4,0,59,3,17,133,5,12,77,14,1,13,210,30,85,0,34,0,4,32,63,4,4,17,15,0,22,7,1,13,32,39,0,35,82,14,41,2,3,6,0,7,23
"Cell732",0,23,2,14,1,22,0,0,2,14,33,33,0,2,13,9,18,0,6,12,13,32,4,5,7,20,29,41,0,7,0,5,0,3,0,1,1,1,0,25,38,4,0,23,3,19,117,2,6,48,8,1,0,215,20,100,0,30,0,6,21,33,5,0,10,19,0,3,0,5,4,59,27,0,27,76,5,15,0,11,7,0,14,16
"Cell733",0,29,0,20,4,32,2,0,2,21,52,31,0,4,20,10,34,2,2,21,5,14,1,0,0,8,37,38,0,2,0,8,0,7,0,10,5,1,0,26,31,9,0,34,0,10,176,1,3,61,14,6,4,212,14,106,0,66,0,4,17,86,0,1,11,36,0,2,4,4,9,30,26,2,26,71,18,14,0,7,3,0,13,22
"Cell734",0,38,2,20,4,46,0,0,2,15,53,49,0,8,20,6,39,3,2,32,3,32,0,0,3,7,22,80,0,3,0,9,0,6,0,3,5,0,0,33,54,3,0,24,4,13,98,2,3,61,3,0,3,283,18,90,1,37,0,4,14,74,5,2,8,19,0,6,0,0,5,48,48,0,48,56,22,33,2,6,5,1,9,14
"Cell735",0,41,1,16,1,51,0,0,4,22,41,49,0,4,42,9,38,4,3,13,2,28,1,1,3,52,27,95,0,11,1,23,0,3,1,16,1,2,0,41,64,4,0,64,0,31,218,2,17,65,9,8,3,176,26,159,0,69,0,4,25,98,4,7,12,28,3,10,6,9,4,97,76,0,28,72,15,45,6,5,0,0,12,30
"Cell736",0,36,4,20,2,17,4,0,2,16,23,27,0,1,17,6,15,0,4,27,23,9,0,3,0,24,11,67,0,10,0,12,0,4,2,20,0,0,0,26,46,5,0,23,1,19,100,0,3,38,20,4,3,137,16,67,0,42,0,4,15,44,4,3,7,11,0,0,4,2,2,41,32,0,19,39,11,38,1,18,2,0,9,26
"Cell737",0,26,3,17,6,34,2,0,3,31,26,25,0,6,17,8,32,3,2,39,5,13,1,2,3,13,38,69,0,3,1,10,1,7,0,6,5,2,0,67,61,1,1,18,3,18,137,2,1,54,12,1,5,250,24,115,0,67,0,1,16,75,1,0,25,31,0,11,1,1,3,66,64,0,43,71,21,33,2,2,3,1,23,17
"Cell738",0,76,2,12,12,40,0,0,2,12,72,43,1,7,24,10,36,7,7,29,12,22,2,5,0,47,26,66,0,14,0,15,2,5,4,6,4,6,1,58,58,0,0,40,7,13,157,0,5,69,14,7,2,368,30,173,0,63,0,14,34,70,1,2,7,35,0,6,2,1,7,33,52,0,32,53,16,53,2,15,10,1,33,18
"Cell739",0,31,1,19,0,36,0,0,3,19,62,47,0,4,27,17,19,5,5,26,11,15,3,1,2,19,54,81,0,7,0,10,1,5,0,6,6,2,0,34,60,3,0,44,0,42,151,1,7,55,13,3,14,297,14,80,0,49,0,7,48,54,3,0,11,14,0,13,2,14,1,47,33,0,37,69,4,64,1,14,2,9,11,27
"Cell740",0,63,1,28,1,19,3,0,0,10,33,36,7,6,27,12,39,1,1,17,19,16,5,1,2,19,9,42,0,3,1,6,0,13,0,12,5,1,0,37,26,3,0,22,3,16,99,4,8,43,12,5,3,138,28,83,0,33,0,4,33,50,1,0,10,21,0,5,6,2,13,22,45,0,21,38,25,32,2,8,2,2,1,28
"Cell741",0,14,3,8,0,14,0,0,1,15,53,21,0,2,16,5,40,0,4,13,3,2,0,2,3,15,12,38,0,4,1,4,0,10,1,10,4,6,0,45,24,4,0,23,0,42,151,4,6,69,2,1,6,212,23,57,0,33,0,4,20,53,0,3,8,31,0,3,0,2,9,17,50,0,23,51,10,41,0,8,0,0,7,16
"Cell742",0,68,1,47,2,48,3,0,11,39,65,89,0,5,31,11,73,7,7,65,9,44,2,11,6,43,47,178,5,19,0,27,2,7,1,8,8,1,0,51,111,13,0,97,7,78,249,9,8,125,26,2,7,425,36,244,0,90,0,15,45,106,3,3,26,44,0,12,2,5,9,98,66,0,84,128,37,66,2,23,2,2,14,54
"Cell743",0,74,0,18,3,26,0,0,2,20,52,50,0,7,45,9,87,9,5,15,16,38,8,7,0,29,31,59,0,6,0,6,1,6,1,6,2,10,0,55,45,6,0,14,4,47,264,0,6,81,15,5,3,272,28,149,0,66,0,8,28,88,2,1,17,38,0,9,4,3,3,87,54,0,35,90,25,43,1,12,5,5,14,17
"Cell744",0,35,2,14,2,36,0,0,1,10,34,43,0,4,34,14,56,1,1,14,10,8,5,3,3,26,29,48,0,10,3,12,1,6,6,9,1,2,0,24,25,8,0,55,3,20,145,1,3,87,17,7,2,224,18,122,0,79,0,11,18,42,1,3,12,21,0,9,2,2,11,39,39,0,31,56,12,52,0,11,5,0,19,12
"Cell745",0,43,10,13,2,29,0,0,2,32,62,52,1,16,25,17,37,2,2,27,12,18,0,3,0,19,39,57,0,4,0,19,1,5,1,10,4,0,0,44,80,5,0,59,1,36,99,3,6,50,6,4,2,335,26,145,0,39,0,9,52,87,6,0,7,31,0,15,1,3,19,133,51,0,38,42,11,42,2,8,6,0,21,15
"Cell746",0,37,0,33,5,43,1,0,0,29,40,32,0,5,44,4,65,5,0,14,7,29,5,4,3,25,34,66,0,16,1,11,1,0,2,14,0,0,0,60,91,2,0,33,7,22,138,0,4,79,16,7,2,271,29,158,0,68,0,25,42,67,9,0,9,18,0,7,2,2,8,58,76,0,30,89,15,22,5,9,5,3,19,24
"Cell747",0,34,1,22,2,34,0,0,0,21,47,49,0,2,28,13,38,5,10,24,17,10,2,2,0,27,33,51,0,5,0,10,0,7,1,10,3,1,0,52,77,2,0,51,0,32,130,1,12,130,7,6,3,286,25,131,0,37,0,9,44,58,4,1,18,47,0,8,3,2,8,46,31,0,31,62,19,49,3,3,6,0,13,24
"Cell748",0,49,0,15,4,36,4,0,2,23,44,30,3,12,27,15,23,0,9,14,6,17,5,2,4,14,48,99,0,12,0,19,0,2,5,5,8,4,0,42,57,3,1,43,2,30,179,7,9,52,13,9,11,214,40,79,0,44,3,8,31,56,0,0,17,63,0,19,1,2,12,29,55,1,27,45,8,45,1,2,4,0,13,24
"Cell749",0,63,0,27,0,33,0,0,3,27,78,56,2,3,39,13,25,3,3,14,9,29,3,2,4,17,30,83,0,10,0,8,5,6,2,7,2,0,0,80,95,1,0,47,2,38,200,0,11,75,12,9,10,259,25,138,0,67,0,1,40,60,4,2,10,30,1,9,1,0,7,79,40,0,27,59,19,50,1,3,8,1,14,18
"Cell750",0,36,7,24,8,34,0,0,2,14,46,78,3,11,27,3,48,8,7,18,2,15,1,6,3,14,25,57,0,8,0,10,1,3,2,12,7,1,0,45,54,1,0,41,2,26,166,0,13,88,16,10,8,275,27,152,0,59,0,12,30,78,5,2,5,15,0,13,1,3,19,70,37,0,24,35,10,17,4,6,11,2,18,31
"Cell751",0,41,3,15,5,28,2,0,2,14,57,56,0,1,22,6,32,0,2,22,10,23,7,0,1,16,35,65,0,2,0,11,2,8,0,11,4,2,1,42,54,4,0,34,11,23,162,0,9,46,12,7,4,216,19,132,0,48,0,6,32,72,4,7,7,26,0,1,0,3,6,60,39,0,39,60,10,17,0,17,2,2,11,23
"Cell752",0,41,0,12,3,34,0,0,4,27,55,37,1,14,26,13,27,0,0,21,7,29,3,1,0,22,25,82,0,4,1,15,7,7,0,9,0,2,0,37,64,4,0,28,3,18,130,1,12,68,7,8,9,222,37,122,0,63,0,23,19,35,5,1,8,22,0,2,3,0,10,87,40,0,28,70,12,58,1,13,8,3,40,21
"Cell753",0,45,3,29,2,36,0,0,6,26,68,38,0,13,41,21,44,3,4,17,2,21,0,0,6,25,22,83,0,24,0,7,1,8,0,4,2,3,3,91,78,14,0,32,9,29,237,0,5,75,26,3,5,338,22,170,0,104,0,11,46,88,1,3,17,30,0,8,2,7,7,100,56,0,27,78,28,47,1,13,1,1,13,40
"Cell754",0,19,0,13,5,57,0,0,5,14,68,32,0,2,15,5,25,1,2,18,3,26,1,1,1,16,18,66,0,12,0,3,1,2,1,5,4,1,1,26,49,5,0,15,2,45,118,7,6,66,3,3,2,154,17,83,0,52,0,6,33,48,1,4,14,34,0,2,1,6,0,29,46,2,24,39,14,42,0,5,2,0,11,22
"Cell755",0,44,4,9,3,40,0,0,6,22,83,69,1,4,26,10,57,2,3,25,17,25,3,2,2,30,37,65,0,14,0,14,1,5,5,19,14,1,0,33,56,5,0,34,8,25,199,3,5,80,8,3,3,288,15,120,0,83,0,7,23,55,1,4,4,26,0,5,6,3,9,84,60,0,28,130,31,34,2,14,2,3,10,35
"Cell756",0,52,0,25,9,42,2,2,2,19,86,86,0,10,32,16,63,3,2,32,4,12,2,5,7,36,44,112,0,15,0,7,0,1,0,15,5,0,0,73,65,5,0,33,1,51,241,1,10,50,9,12,16,385,27,98,1,75,0,10,37,83,3,0,17,63,0,13,6,13,11,46,72,0,27,74,44,39,0,11,2,0,16,45
"Cell757",0,76,0,22,5,38,1,1,1,33,45,56,2,7,34,10,78,2,4,27,13,11,3,1,0,17,37,90,0,9,0,16,1,12,3,3,2,9,2,39,73,0,0,57,5,50,212,8,4,63,16,8,4,344,30,164,0,65,0,12,22,46,3,2,12,29,0,19,9,4,1,73,75,0,33,66,11,45,2,5,6,2,15,20
"Cell758",0,71,1,20,3,58,1,0,5,34,63,100,0,6,22,20,66,0,5,36,2,23,3,6,0,32,49,107,0,14,0,19,7,5,0,12,12,4,0,74,61,0,2,54,2,28,157,0,0,76,25,12,3,396,32,173,0,78,0,16,30,120,0,2,7,64,0,7,1,1,23,56,62,0,19,84,9,63,1,26,6,8,14,31
"Cell759",0,53,1,24,0,41,0,0,2,21,39,78,1,1,34,21,65,0,1,34,21,10,4,8,3,35,26,117,0,3,0,15,1,5,2,8,3,7,0,85,46,1,0,58,11,39,183,1,2,80,22,5,5,329,22,172,0,84,0,8,22,118,8,9,3,44,0,7,3,3,17,92,67,1,60,83,20,28,4,6,8,1,22,40
"Cell760",0,77,5,19,8,50,2,0,0,21,63,51,0,17,45,13,58,2,5,39,11,28,4,0,2,44,67,71,0,16,0,13,1,2,1,12,8,6,0,63,45,5,0,53,6,49,181,1,7,112,10,9,10,396,33,207,1,89,0,5,42,123,7,1,9,50,0,6,2,2,8,55,92,0,36,106,12,41,0,14,8,4,18,27
"Cell761",0,24,4,9,9,22,0,0,5,11,46,40,0,5,36,8,32,1,3,12,4,10,0,1,4,17,20,74,0,3,1,9,3,12,0,5,1,0,0,34,45,3,0,21,2,21,93,0,1,30,13,1,9,233,26,113,0,37,0,11,20,50,0,1,8,23,0,3,5,9,3,16,37,0,13,44,12,23,2,6,3,1,12,18
"Cell762",0,47,1,18,4,65,3,0,0,15,32,38,0,7,27,2,36,0,4,36,3,8,4,0,2,52,19,75,0,12,0,9,1,4,0,19,3,3,0,49,70,1,1,34,3,21,147,11,2,48,16,5,7,273,38,124,0,48,0,4,33,48,5,2,12,33,0,6,1,2,11,63,35,0,35,56,26,47,1,6,8,0,13,24
"Cell763",0,53,9,17,5,71,2,0,0,21,60,50,0,8,16,10,64,6,3,29,7,27,1,5,2,33,45,78,0,7,0,10,0,5,0,10,8,5,0,34,58,5,0,47,8,43,150,8,3,52,22,0,7,281,27,131,0,55,0,9,24,92,3,2,9,24,0,11,4,9,18,73,41,0,59,57,33,51,1,10,3,6,17,22
"Cell764",0,37,1,18,1,21,0,0,1,14,41,23,0,0,18,5,34,1,1,17,4,11,2,1,1,37,36,54,0,13,2,2,0,9,0,9,2,1,0,35,25,4,0,21,1,27,160,7,4,76,16,11,2,246,22,99,0,49,0,7,20,66,1,0,15,34,0,1,3,8,7,43,64,0,49,74,21,38,3,16,2,2,15,22
"Cell765",0,70,1,20,1,39,2,0,4,24,42,67,1,3,19,10,51,3,6,15,5,31,3,0,4,44,31,59,0,8,5,14,7,7,1,3,8,1,0,63,92,7,0,55,4,44,125,4,10,71,23,1,3,363,26,119,0,63,0,5,23,52,0,3,9,18,0,3,8,3,1,42,69,0,32,58,22,42,4,12,5,2,17,31
"Cell766",0,38,1,21,4,35,0,0,2,22,38,43,0,8,22,9,15,3,1,21,6,26,2,3,0,21,18,44,0,3,0,10,1,4,1,7,1,2,1,34,47,3,0,25,0,26,93,4,6,49,5,0,2,201,23,104,2,65,0,3,17,50,5,1,4,10,0,9,0,1,5,30,39,1,23,34,3,46,0,12,3,2,10,43
"Cell767",0,36,4,7,4,41,0,0,1,19,26,47,0,2,5,5,37,0,2,29,1,17,1,6,0,13,22,42,0,19,1,6,3,3,2,2,5,0,0,33,39,3,0,43,10,24,148,1,12,67,17,2,12,192,11,114,0,75,0,6,29,111,2,0,4,23,0,9,2,7,15,34,53,0,19,55,19,36,1,14,6,0,8,35
"Cell768",0,37,1,28,2,38,0,0,1,30,61,49,2,5,30,9,55,2,1,25,13,26,1,3,7,31,49,100,0,17,0,7,0,7,1,4,2,3,1,67,58,6,0,27,14,43,155,1,11,50,18,3,4,376,27,158,0,91,0,13,22,94,3,1,15,32,0,10,4,7,10,69,52,0,56,62,16,46,0,9,7,3,29,40
"Cell769",0,26,2,18,2,41,1,0,1,8,54,58,1,10,35,8,62,1,3,30,13,27,2,2,0,53,31,84,0,9,0,10,1,5,0,21,3,1,3,41,48,4,0,41,1,23,153,4,12,98,17,0,3,352,47,139,0,80,5,14,24,71,12,1,11,24,0,9,0,3,2,72,49,0,35,62,8,36,14,17,1,2,8,19
"Cell770",0,30,0,25,8,56,3,0,2,43,124,85,0,45,31,40,29,7,8,7,9,25,5,0,11,17,11,326,0,2,0,36,1,15,0,11,20,4,0,147,21,18,0,14,21,64,274,2,7,57,61,11,20,139,16,32,1,32,1,11,27,67,7,0,12,55,0,21,30,18,20,57,14,0,360,30,5,48,7,23,3,8,29,40
"Cell771",0,34,3,5,9,6,1,0,1,25,44,49,0,2,11,8,29,2,2,17,8,25,3,1,3,28,16,92,2,8,1,10,2,2,0,8,2,1,1,49,62,6,0,21,0,20,103,2,4,44,17,3,4,215,23,120,0,77,0,10,18,39,0,6,9,13,0,8,0,1,9,95,26,0,28,44,15,21,2,5,5,2,14,33
"Cell772",0,43,4,22,0,61,0,0,4,29,56,35,0,6,18,10,49,5,6,37,1,23,1,4,4,18,42,93,0,9,0,9,1,3,0,0,6,4,0,40,36,2,3,56,0,26,125,2,1,55,22,3,2,243,32,103,0,68,0,4,33,55,4,2,13,40,0,7,2,5,2,77,34,1,49,71,21,67,2,27,12,0,8,34
"Cell773",0,14,1,11,0,20,0,0,1,4,19,23,1,2,25,6,35,3,4,6,0,18,0,0,0,12,24,21,0,2,0,4,0,3,0,5,3,0,0,34,23,2,0,29,3,18,59,0,1,28,2,3,1,114,12,41,0,37,0,8,25,53,1,2,1,9,0,5,3,3,6,39,33,0,11,26,6,18,2,1,2,0,17,6
"Cell774",0,48,2,20,2,54,1,1,0,38,52,67,2,1,51,14,37,1,1,17,8,14,5,0,1,31,27,46,0,14,0,15,6,17,3,7,5,2,0,49,91,9,0,26,2,34,203,7,7,75,17,6,4,238,32,149,0,50,0,7,31,92,0,0,15,33,1,2,0,0,14,70,63,0,21,95,16,51,1,8,2,1,19,34
"Cell775",0,60,0,16,3,42,0,0,3,20,43,46,1,2,19,7,29,2,6,13,2,20,1,0,3,21,34,66,0,2,1,5,0,9,0,3,1,2,0,51,82,0,0,32,3,17,88,6,8,58,21,2,2,200,27,106,0,32,0,18,17,63,1,0,5,24,0,6,10,4,3,50,61,1,6,50,15,32,1,15,10,2,6,21
"Cell776",0,43,0,21,3,35,0,0,5,15,39,56,0,5,31,6,53,1,3,16,5,18,6,3,1,23,14,65,0,11,0,8,4,8,2,4,6,1,0,42,44,2,1,24,3,28,151,1,9,62,24,3,3,189,10,83,0,64,0,9,28,39,1,1,14,21,0,11,1,0,6,79,44,5,12,92,19,29,2,8,1,3,14,39
"Cell777",0,33,0,13,0,33,0,0,0,29,31,40,0,7,22,10,44,9,0,28,2,25,2,5,1,26,38,60,0,9,3,9,0,3,1,15,19,2,2,24,61,0,0,31,4,24,139,1,6,41,15,4,1,355,24,98,0,48,0,4,21,42,7,1,13,15,0,1,1,9,6,61,42,0,26,80,19,32,1,5,3,0,13,26
"Cell778",0,33,0,20,5,29,0,0,6,17,32,31,0,8,37,12,23,2,5,25,3,17,0,1,2,13,16,49,0,5,0,9,1,11,0,5,4,0,0,25,49,2,0,17,1,29,108,1,12,32,5,0,0,260,15,103,0,51,0,3,16,30,2,2,1,34,0,3,0,1,10,53,40,0,25,48,7,33,3,11,4,0,9,24
"Cell779",0,47,1,21,0,21,0,0,4,8,62,40,0,9,22,9,41,5,0,21,5,15,4,1,2,18,47,55,0,4,1,13,1,15,0,4,2,0,0,25,33,2,0,42,0,31,184,0,1,64,11,8,1,246,32,75,0,38,0,16,26,52,8,0,5,21,0,1,3,3,6,35,38,0,18,34,17,19,6,8,11,1,12,10
"Cell780",0,70,5,20,4,51,4,0,15,21,77,52,0,9,29,11,59,4,0,38,5,13,1,4,2,18,29,96,0,17,0,9,2,7,0,4,0,1,1,51,67,4,0,35,11,19,158,1,7,74,37,5,8,245,34,113,0,79,1,5,29,80,2,5,7,33,0,7,4,2,8,73,59,1,59,63,8,36,0,9,6,2,14,32
"Cell781",0,36,1,32,6,39,2,0,1,6,90,60,1,5,40,9,44,0,9,29,8,17,3,2,2,35,36,67,0,16,0,17,2,12,0,19,4,2,0,54,61,9,0,37,7,22,156,6,11,69,16,1,2,339,27,136,0,71,0,6,39,93,3,2,21,36,0,17,5,0,9,97,71,0,50,86,25,42,0,18,8,1,15,32
"Cell782",0,46,2,7,5,19,1,0,2,31,63,55,1,4,55,17,41,1,1,9,10,17,1,3,0,37,34,72,0,9,1,12,0,5,1,5,10,2,0,63,71,10,0,54,1,23,158,0,6,89,19,1,7,343,38,115,0,45,0,11,28,81,2,0,16,32,0,3,0,0,14,87,62,0,23,53,29,30,2,6,4,0,20,30
"Cell783",0,48,2,20,6,47,2,3,6,27,73,62,2,2,38,13,43,2,5,24,3,44,0,6,5,33,35,75,0,5,2,9,2,8,1,9,8,1,0,103,83,7,0,42,7,34,152,2,8,84,32,8,3,302,42,165,1,63,0,16,25,134,2,2,13,29,1,8,2,5,2,103,63,0,38,78,24,53,2,20,1,4,19,23
"Cell784",0,58,0,23,0,40,0,0,1,19,34,48,3,3,37,15,65,3,3,25,5,26,12,0,2,33,36,54,0,8,1,22,1,4,2,6,4,4,2,55,74,4,0,35,5,10,155,1,10,86,39,3,2,293,57,116,0,83,0,10,41,92,3,1,9,29,0,7,4,7,3,61,42,0,47,75,17,42,3,19,5,0,16,37
"Cell785",0,39,5,11,2,36,6,1,3,23,52,85,0,11,16,15,72,0,3,36,8,28,3,4,0,38,49,100,0,8,0,8,0,17,0,19,8,9,0,69,98,11,0,46,8,32,177,1,11,78,14,3,7,471,38,141,0,74,0,5,43,70,1,1,28,44,0,11,3,6,3,83,58,0,22,83,16,39,0,10,0,0,25,29
"Cell786",0,44,0,18,5,41,0,0,3,22,51,50,0,8,20,15,61,2,2,27,3,10,5,5,0,26,21,78,0,7,0,19,0,1,0,12,2,1,2,53,84,7,0,54,3,26,171,3,13,80,24,3,4,327,39,89,3,83,0,3,22,54,5,0,17,21,0,3,2,4,8,68,63,0,56,67,15,61,1,24,1,2,21,31
"Cell787",0,39,2,6,2,24,0,0,1,30,40,46,0,4,21,2,20,1,2,16,8,13,0,2,0,18,23,39,0,13,1,18,3,5,0,2,2,2,0,26,47,1,2,33,5,23,121,2,9,61,4,3,2,224,12,132,0,47,0,4,25,54,4,1,13,35,0,8,4,6,10,32,50,0,24,70,7,26,7,14,4,2,10,10
"Cell788",0,28,4,3,3,15,1,0,4,14,56,27,0,6,25,4,43,0,2,23,11,21,3,6,6,33,21,68,0,6,0,7,1,7,3,5,1,0,0,43,59,5,0,41,1,46,112,3,2,74,10,2,2,226,24,101,2,51,0,2,16,72,5,0,8,21,0,18,2,5,4,38,31,0,45,55,21,32,1,10,9,3,6,15
"Cell789",0,72,0,18,4,35,0,0,1,26,42,44,0,9,17,13,38,2,0,15,2,23,1,6,0,15,36,77,0,9,2,16,4,6,0,13,2,5,0,51,59,0,1,35,5,37,145,5,12,50,15,1,6,256,20,74,0,36,0,5,40,54,1,0,5,24,2,8,0,2,18,28,57,0,23,52,10,21,4,11,7,0,13,21
"Cell790",0,31,4,18,4,31,0,0,2,38,71,55,0,6,39,15,46,5,3,27,1,15,2,1,0,22,36,92,0,3,0,16,0,5,0,10,13,5,0,48,62,4,0,88,15,38,157,2,4,60,34,4,3,352,18,127,0,87,0,8,31,77,0,0,16,35,0,13,2,4,7,89,72,0,27,102,33,24,3,12,8,0,14,22
"Cell791",0,55,0,46,9,65,1,1,4,33,71,91,1,15,28,13,56,5,1,33,9,36,0,3,2,42,29,136,0,20,0,10,4,6,8,14,4,1,0,93,74,8,1,45,2,60,215,4,8,104,20,12,16,702,70,170,0,80,0,13,43,132,2,7,12,45,0,9,6,3,6,49,86,0,49,85,33,65,4,27,9,2,16,67
"Cell792",0,54,0,17,0,57,2,0,4,23,55,48,1,3,46,11,39,4,2,38,15,14,5,2,2,29,32,91,0,5,0,9,1,4,1,7,0,4,0,52,62,6,0,41,2,30,179,1,7,64,8,2,2,361,25,120,0,69,0,3,23,73,2,2,8,32,0,14,1,2,9,65,66,0,27,81,23,63,4,11,18,0,7,50
"Cell793",0,39,3,22,6,49,0,1,0,29,48,41,2,2,40,16,71,2,1,16,5,15,1,1,5,38,52,60,0,5,0,8,1,3,1,2,2,1,2,61,53,5,3,52,1,25,126,6,11,64,9,7,6,221,32,116,0,86,0,4,34,75,3,3,7,23,0,14,0,4,7,58,47,0,8,89,14,39,1,13,7,0,23,29
"Cell794",0,42,1,9,8,34,1,0,14,15,28,54,0,5,26,10,46,1,1,24,2,10,4,2,4,15,16,75,0,3,3,6,2,2,5,14,2,0,0,27,72,3,0,41,13,24,150,0,5,61,11,3,10,172,29,108,2,41,0,11,33,51,1,6,7,21,0,4,3,1,8,64,43,0,29,59,8,23,3,13,2,0,20,14
"Cell795",0,58,1,14,4,41,1,0,1,21,70,52,0,1,37,12,62,4,3,31,7,22,4,6,0,38,29,69,0,24,0,9,8,8,2,5,0,2,0,63,81,2,0,76,11,37,199,4,4,85,7,3,11,323,33,163,0,55,0,13,25,54,4,2,12,42,0,8,3,5,4,91,84,1,58,82,37,54,2,14,4,2,9,31
"Cell796",0,45,1,28,4,44,0,0,1,16,46,38,0,13,23,7,39,1,3,23,7,43,3,2,5,23,39,51,0,16,0,20,5,10,1,1,4,0,0,56,52,6,0,30,5,47,209,2,2,90,19,1,3,349,32,132,0,75,0,20,30,59,2,3,8,32,0,5,11,2,14,46,40,0,24,50,12,40,0,16,9,4,15,16
"Cell797",0,40,0,7,2,27,1,0,4,19,32,54,0,5,29,1,36,10,1,30,5,25,0,4,1,13,17,22,0,4,0,3,2,12,0,6,1,4,0,76,53,4,0,49,10,38,136,2,3,38,19,2,8,235,17,77,0,50,0,13,19,29,2,1,7,21,0,2,2,1,4,47,62,0,18,47,10,34,0,2,2,3,18,15
"Cell798",0,25,0,20,1,28,5,0,0,20,32,32,2,9,15,5,20,4,3,23,1,5,0,1,1,13,16,51,0,9,0,7,2,3,4,8,1,1,1,14,31,1,0,30,1,18,91,3,6,34,3,7,5,204,21,60,0,39,0,10,11,48,0,0,3,16,0,4,0,1,2,22,21,0,18,31,9,21,0,8,7,2,10,10
"Cell799",0,47,2,6,4,29,1,0,10,42,76,39,2,9,26,12,53,2,1,24,3,28,7,8,1,28,32,65,0,16,1,10,2,7,1,11,3,1,0,31,64,1,0,32,2,29,121,6,10,49,8,1,6,333,27,117,0,58,0,7,29,70,4,0,6,50,0,12,3,0,11,50,36,0,19,57,13,34,1,5,3,0,19,25
"Cell800",0,39,0,31,5,47,1,0,1,40,70,66,1,22,25,2,40,0,0,15,5,13,2,0,8,31,23,65,0,7,0,18,1,3,2,7,2,4,0,55,54,6,0,42,1,25,196,4,8,72,13,7,5,283,34,154,0,59,0,12,36,104,6,1,6,31,0,4,9,3,13,76,42,0,25,72,17,29,1,17,12,1,15,29
"Cell801",0,42,2,30,1,28,0,0,0,24,60,46,0,0,24,8,32,1,3,23,5,11,4,0,4,36,24,76,0,12,0,9,0,5,2,10,1,1,0,47,51,1,0,49,13,13,152,0,8,81,4,8,5,221,42,148,0,64,1,5,22,44,2,0,12,16,0,6,2,4,1,69,49,0,38,65,28,34,3,12,4,1,18,15
"Cell802",0,35,1,25,4,42,0,0,3,27,74,71,0,12,59,15,50,1,4,34,12,34,4,1,4,29,49,57,0,7,0,9,1,1,0,7,4,2,1,57,68,3,0,32,8,26,177,11,7,85,7,4,12,229,25,170,3,70,0,6,31,44,0,4,14,30,1,18,3,6,7,98,69,0,53,74,10,53,0,23,2,0,16,42
"Cell803",0,42,2,24,2,33,0,2,4,39,58,56,1,13,50,18,38,0,1,39,11,26,1,1,1,31,21,71,10,19,0,7,6,10,0,15,3,1,4,58,52,0,0,55,1,47,140,13,3,88,9,2,4,274,26,103,0,57,0,16,37,65,0,3,21,29,1,6,2,1,5,85,54,0,32,66,7,44,0,8,6,3,24,27
"Cell804",0,36,4,16,2,39,3,0,1,40,50,26,0,1,33,2,40,2,1,23,13,4,1,2,2,27,29,72,0,9,0,4,1,7,0,4,2,1,0,44,42,4,0,50,2,25,122,1,6,50,21,3,7,180,24,98,0,41,0,4,25,47,6,0,2,14,1,6,2,11,4,79,33,0,29,55,38,19,2,12,2,0,9,43
"Cell805",0,47,2,16,2,20,0,0,1,24,63,39,4,14,34,6,43,2,1,34,7,16,2,2,0,16,32,118,0,11,1,14,0,12,0,3,4,6,0,35,57,8,0,41,7,39,128,4,19,66,11,3,2,274,17,186,0,60,0,5,34,79,6,5,7,36,0,14,2,2,13,41,57,0,43,74,22,33,1,16,7,0,8,27
"Cell806",0,54,0,21,2,40,0,0,1,15,92,75,1,11,34,13,34,4,5,10,9,26,4,3,1,45,14,70,0,8,0,10,0,6,1,13,0,1,0,53,76,3,0,38,5,31,201,1,3,88,34,6,2,284,38,150,0,51,0,10,22,90,2,4,15,23,1,13,2,1,6,59,67,0,28,111,32,38,3,10,11,0,7,31
"Cell807",0,20,2,6,4,10,1,0,1,16,47,36,0,8,12,13,23,1,2,6,6,9,6,0,1,12,30,18,0,13,0,9,2,2,0,5,1,0,0,19,43,0,0,15,3,29,83,2,2,17,14,5,2,172,31,78,0,34,0,2,13,25,0,4,4,9,0,7,1,0,2,25,29,0,22,33,9,37,1,1,4,0,12,13
"Cell808",0,43,0,20,12,52,0,2,2,29,81,68,1,3,34,10,37,3,0,14,2,21,2,0,10,28,53,115,0,7,3,24,0,14,1,15,5,0,0,60,70,0,0,92,10,26,171,4,8,88,14,2,6,322,23,107,0,80,0,9,47,35,0,4,7,32,0,8,4,0,3,59,44,0,36,98,26,38,1,13,6,0,6,25
"Cell809",0,22,0,13,7,29,3,0,3,29,53,49,0,6,36,10,41,1,1,23,16,28,7,2,5,12,25,78,0,14,0,11,0,5,1,5,10,0,0,92,28,9,0,41,5,28,189,4,9,56,27,12,7,315,23,121,0,72,0,6,53,77,0,1,10,23,0,11,6,4,3,68,49,1,50,99,26,34,1,22,5,4,15,36
"Cell810",0,51,1,21,3,41,6,0,5,10,55,56,0,2,29,10,52,3,7,22,4,15,0,1,8,26,29,69,0,25,0,12,1,7,4,11,2,3,0,54,59,4,0,38,5,34,174,2,8,91,14,2,5,355,25,134,0,81,0,3,40,36,11,3,6,29,0,6,3,7,3,67,43,0,34,57,28,33,4,6,1,0,10,28
"Cell811",0,45,2,37,1,35,0,0,3,48,63,67,3,1,43,20,28,3,3,43,10,21,1,0,3,39,47,71,0,15,0,5,1,6,3,17,0,3,0,29,50,10,0,42,4,26,159,4,4,86,18,0,18,290,23,114,0,71,0,17,29,78,0,7,9,48,0,9,5,3,6,96,62,0,53,81,13,42,1,13,2,0,16,36
"Cell812",0,27,0,23,2,28,0,0,4,19,41,38,0,6,17,9,18,0,1,39,3,7,9,1,0,23,22,39,0,3,0,6,0,5,0,4,3,0,0,48,50,3,0,35,5,12,99,4,2,76,5,0,1,219,8,108,0,39,0,3,19,34,1,2,10,13,0,9,0,5,2,43,28,0,31,38,22,36,1,8,4,0,18,21
"Cell813",0,53,1,22,5,27,1,0,2,23,76,60,0,11,27,6,42,2,1,20,0,16,3,2,1,22,24,68,0,2,0,5,5,6,0,11,5,0,0,31,37,3,0,28,7,30,193,0,3,67,25,9,4,299,15,134,0,51,0,5,26,60,6,1,10,34,1,9,2,3,13,59,58,0,27,87,17,39,2,15,4,0,13,30
"Cell814",0,71,2,33,0,44,1,0,1,18,82,51,0,4,13,5,31,1,2,30,7,18,7,2,1,38,34,74,0,12,0,13,0,5,0,10,2,2,0,48,59,1,0,62,3,37,144,6,3,65,17,6,7,288,32,141,0,74,0,6,19,45,2,6,4,30,0,6,0,3,10,72,53,0,27,81,30,48,4,28,5,2,7,28
"Cell815",0,45,0,17,2,20,0,0,0,21,57,41,0,4,20,16,43,1,6,9,6,17,3,0,3,16,31,60,0,3,0,2,4,4,2,7,1,1,0,30,33,1,0,26,1,12,127,0,5,21,5,1,4,153,15,89,0,37,0,2,18,53,0,3,7,47,0,1,1,0,6,36,50,0,31,34,18,30,3,11,3,0,11,26
"Cell816",0,50,2,3,3,41,1,0,0,31,46,43,0,8,16,23,41,0,1,7,3,15,2,1,1,7,20,69,0,21,0,12,0,4,0,6,0,2,0,25,45,0,0,51,5,26,116,0,4,55,8,0,1,210,27,78,0,36,0,9,27,75,4,0,16,26,0,3,5,1,4,52,47,0,21,40,18,18,6,5,5,0,6,31
"Cell817",0,66,0,27,7,19,1,2,4,31,63,47,4,13,16,3,11,1,2,25,13,10,3,2,2,19,28,116,0,10,0,8,1,6,1,1,5,0,0,28,45,1,0,51,1,27,180,0,2,53,1,2,4,249,22,115,0,52,0,10,36,45,0,1,4,26,0,10,2,2,4,22,56,0,23,57,10,16,3,11,5,0,6,13
"Cell818",0,22,0,15,3,15,0,0,3,19,42,36,0,6,14,14,50,5,8,19,11,19,0,3,1,20,37,61,0,4,0,6,2,4,0,10,1,0,0,26,59,0,0,34,2,31,119,1,3,54,7,1,4,281,24,103,0,71,0,7,22,51,2,1,11,12,0,8,0,5,11,52,25,0,29,44,28,33,1,11,1,0,13,15
"Cell819",0,50,1,17,2,47,0,0,1,37,69,64,2,15,26,14,32,6,1,17,7,31,1,3,8,20,28,46,0,14,0,9,0,3,0,3,6,6,0,58,56,6,0,23,20,58,200,6,4,79,11,6,6,343,22,90,0,69,0,5,38,74,2,0,24,23,0,10,0,7,6,96,41,0,19,74,4,40,1,8,2,0,27,21
"Cell820",0,26,0,22,7,60,0,0,2,36,33,52,2,3,31,6,42,1,0,17,7,22,0,4,0,42,32,79,0,7,0,4,0,1,0,8,4,0,0,64,54,2,0,47,1,8,114,1,8,74,11,4,6,308,15,90,0,82,0,14,17,64,6,3,8,24,0,6,3,2,9,59,69,0,20,50,14,35,0,21,1,0,13,29
"Cell821",0,19,0,9,2,48,0,0,7,22,51,52,0,4,21,8,15,4,0,19,16,13,0,4,4,15,18,70,0,14,0,5,0,2,0,10,6,1,0,53,58,2,0,39,2,31,158,1,1,55,35,17,7,179,32,137,0,31,0,7,29,65,1,0,7,35,0,4,1,2,18,74,25,0,22,64,10,19,2,5,1,1,12,12
"Cell822",0,44,1,30,3,61,1,0,9,23,61,26,0,10,26,5,64,0,2,18,5,18,19,3,1,21,21,109,0,11,0,8,5,6,2,7,14,2,1,82,72,3,0,52,3,24,201,3,8,48,32,5,8,354,25,182,1,94,0,10,39,60,1,1,4,35,0,7,2,4,5,93,71,1,33,77,14,52,3,24,12,1,19,40
"Cell823",0,21,0,17,1,12,0,0,2,13,20,67,0,0,23,8,50,8,0,7,5,12,7,7,1,28,25,64,0,4,0,5,0,0,0,3,4,0,0,21,23,4,0,30,2,17,105,3,2,43,4,5,2,210,18,67,0,66,0,11,19,68,4,1,1,37,0,4,0,2,6,24,45,0,15,36,8,19,0,4,5,1,21,23
"Cell824",0,43,2,10,2,27,2,0,2,13,46,34,0,1,34,17,28,2,4,18,13,12,9,5,2,23,32,77,0,12,0,7,1,3,1,8,5,2,1,29,28,1,0,41,8,40,142,1,9,57,16,7,5,186,20,123,0,59,0,1,27,73,1,4,13,31,0,4,0,2,10,42,51,0,23,55,7,27,2,11,4,0,20,30
"Cell825",0,24,4,15,8,22,0,0,0,23,28,35,0,6,29,1,31,3,2,16,0,10,2,2,0,22,15,43,0,8,0,7,0,8,2,8,2,0,1,20,27,6,0,27,1,29,135,2,0,69,10,3,1,284,21,132,0,50,0,6,26,63,0,4,3,19,0,7,3,3,3,57,40,0,30,59,10,31,3,11,2,0,6,36
"Cell826",0,37,3,10,4,28,0,0,0,14,47,32,0,0,13,7,36,3,5,21,11,3,2,3,2,17,26,56,0,5,0,3,0,19,1,1,3,1,0,24,35,0,1,42,6,36,138,3,5,73,13,3,8,236,14,102,2,43,0,1,24,65,2,4,10,33,0,2,2,2,5,38,53,2,15,48,29,24,5,6,0,1,4,18
"Cell827",0,45,2,11,2,59,0,0,5,8,28,45,0,4,39,13,27,0,1,19,10,23,0,1,3,31,13,73,0,8,0,8,0,5,0,4,0,0,0,51,50,1,3,31,2,16,93,4,3,43,7,1,3,283,10,97,0,55,0,4,29,50,2,0,14,29,2,4,1,7,2,33,23,0,32,32,21,44,0,7,5,0,18,21
"Cell828",0,32,1,14,1,35,1,0,1,16,47,19,0,3,14,5,34,0,1,7,4,3,0,3,2,13,30,46,0,3,1,9,1,2,0,2,2,1,0,33,45,2,0,40,4,7,126,0,0,66,5,4,5,192,8,89,0,42,0,14,42,39,0,1,8,20,1,1,0,2,9,48,49,0,18,83,7,21,0,1,6,0,10,17
"Cell829",0,34,13,7,7,33,1,0,2,9,30,49,1,3,18,2,46,4,1,45,7,22,1,4,0,12,33,37,0,9,1,3,0,10,0,7,4,1,2,65,58,2,0,53,2,27,154,3,7,101,10,15,2,269,24,118,0,85,0,4,27,69,9,0,14,50,0,13,4,3,5,78,59,0,54,74,13,22,1,8,0,3,17,34
"Cell830",0,56,0,10,4,35,1,0,5,20,62,45,0,9,25,20,44,0,2,21,16,22,2,1,1,28,19,69,0,13,0,10,2,7,0,14,7,2,0,48,77,3,0,22,4,34,208,5,7,90,11,0,4,315,51,150,0,88,0,16,32,43,5,3,11,27,0,8,0,4,16,44,54,0,7,88,3,68,0,5,4,0,19,21
"Cell831",0,58,2,28,8,79,3,1,8,38,82,62,0,8,41,9,49,4,0,27,18,59,7,2,4,47,42,106,0,5,0,27,8,11,2,9,8,4,4,66,67,11,0,66,3,35,227,1,12,122,13,17,6,364,34,135,0,88,0,13,39,110,3,2,18,40,2,15,4,6,16,50,97,0,33,55,18,47,4,18,13,3,32,29
"Cell832",0,49,0,14,5,56,0,0,7,16,61,67,0,7,28,6,37,0,1,15,6,18,4,6,2,28,31,70,0,15,0,12,0,13,0,3,1,2,3,24,37,12,0,49,4,27,200,2,1,56,14,3,2,231,42,104,0,48,0,5,35,55,3,0,11,27,0,6,8,5,12,29,81,1,28,62,31,63,6,17,3,0,9,25
"Cell833",0,59,0,38,2,37,0,0,2,23,66,66,2,11,30,18,85,3,4,35,18,39,4,7,1,44,20,88,0,40,0,11,0,7,1,12,7,2,3,60,78,16,0,71,7,52,202,2,9,108,34,8,16,273,32,145,0,79,0,3,53,77,7,2,8,60,1,5,1,4,21,53,91,1,45,55,10,41,0,15,20,0,21,28
"Cell834",0,63,2,9,3,54,0,0,5,38,55,59,2,5,26,4,61,4,14,45,15,10,0,4,3,19,41,73,0,14,0,10,0,7,3,11,2,1,0,16,71,4,2,36,2,39,173,1,9,85,23,7,7,287,25,95,0,57,0,4,36,79,3,4,3,48,0,4,2,3,10,93,55,0,40,68,26,61,2,13,10,4,12,18
"Cell835",0,25,1,19,4,42,2,0,0,27,65,38,0,8,43,18,33,1,2,20,31,26,0,1,2,39,43,73,0,8,5,11,2,0,0,19,0,0,1,69,55,8,0,52,4,53,164,4,3,52,11,14,4,316,35,116,0,64,0,6,18,69,1,5,18,41,0,3,5,4,3,78,62,0,29,77,29,52,0,7,1,1,18,23
"Cell836",0,45,0,12,2,33,0,0,1,27,54,43,0,4,35,7,37,1,0,21,4,24,11,1,2,20,30,54,0,8,0,14,3,5,1,13,3,0,0,44,58,9,0,33,4,44,152,6,7,68,20,3,10,345,16,102,0,47,0,6,29,56,3,1,3,18,0,9,12,8,2,59,70,0,20,54,16,32,3,12,8,1,4,35
"Cell837",0,47,0,16,3,31,0,0,2,30,53,45,0,3,25,13,32,2,3,19,4,18,4,3,0,27,36,72,0,13,0,18,3,6,1,8,3,5,0,45,32,4,0,45,7,27,131,4,6,63,12,7,16,253,33,95,0,60,0,9,45,73,2,0,24,24,0,3,5,0,12,44,84,0,37,60,15,49,1,9,9,1,6,23
"Cell838",0,36,1,28,4,32,4,0,4,18,43,80,2,0,7,8,27,0,2,29,5,31,3,4,0,22,33,70,0,14,1,11,6,4,0,6,4,0,0,48,102,10,0,60,3,39,147,2,2,91,19,2,4,237,30,112,0,58,0,7,28,82,2,1,15,19,2,12,1,8,7,82,37,1,52,52,10,40,0,4,3,1,9,34
"Cell839",0,32,2,15,6,28,0,0,1,15,56,64,0,2,26,9,28,1,3,20,6,31,0,0,4,21,17,38,0,6,0,7,0,5,0,7,1,6,0,45,44,6,0,37,2,13,126,1,4,58,13,7,2,171,37,81,0,39,0,5,24,75,0,2,6,12,0,1,3,1,2,55,37,0,41,42,9,23,0,23,6,0,12,27
"Cell840",0,40,0,22,11,49,0,0,0,20,56,44,0,8,38,1,55,4,5,21,2,34,0,3,4,26,39,90,0,13,1,12,0,5,3,2,3,1,0,59,35,4,0,45,7,27,120,1,1,81,20,2,16,285,36,159,0,104,0,13,35,36,1,0,11,19,0,10,7,1,7,30,55,0,22,86,9,29,1,8,6,3,16,34
"Cell841",0,60,2,14,9,46,0,0,2,21,59,37,0,2,19,11,29,2,1,50,8,22,2,4,4,17,24,43,0,8,0,17,0,7,0,4,8,0,0,28,42,3,1,16,7,13,181,6,5,82,10,3,3,250,23,126,0,72,0,6,35,69,2,6,6,26,0,6,1,1,9,67,29,0,52,73,26,59,0,7,8,2,25,19
"Cell842",0,67,0,20,1,42,1,0,8,38,109,90,0,7,52,11,55,0,4,43,9,11,0,9,2,35,73,93,0,26,2,18,2,6,2,7,7,0,3,57,87,21,1,31,2,54,310,0,3,100,16,17,2,300,48,193,0,89,0,15,23,98,3,3,8,46,0,7,2,6,8,124,90,0,55,84,33,44,1,27,19,2,33,30
"Cell843",0,28,0,11,2,50,0,0,0,15,38,26,0,6,46,14,52,2,1,15,2,23,2,0,2,29,26,45,0,17,0,11,6,6,2,6,4,0,0,53,71,4,0,31,1,50,143,0,7,53,20,2,4,350,21,107,0,59,0,9,18,31,1,2,3,13,0,3,7,2,1,85,24,0,31,60,9,22,0,15,0,2,16,11
"Cell844",0,47,0,12,5,34,0,2,19,23,23,27,2,4,14,8,61,3,0,25,10,21,7,1,1,24,22,70,0,7,0,5,1,5,0,13,0,5,0,28,74,1,0,54,1,32,136,4,15,61,15,0,10,217,32,100,0,60,0,5,48,59,2,1,3,29,1,12,3,3,8,38,69,0,11,35,13,10,0,19,5,0,11,15
"Cell845",0,28,3,12,4,50,0,0,1,11,68,69,0,3,15,9,41,2,3,22,0,24,4,2,1,20,23,68,0,5,0,11,2,16,0,14,8,2,1,53,64,6,0,44,8,27,175,1,11,47,7,13,13,302,28,150,0,65,0,3,35,70,1,2,7,44,0,7,3,3,4,47,62,0,21,70,20,22,3,11,3,0,4,21
"Cell846",0,53,2,12,6,36,5,1,5,30,121,64,0,30,8,36,6,8,5,5,7,35,0,0,16,10,14,283,0,5,0,36,2,12,0,11,9,0,1,117,13,9,0,11,17,48,146,4,7,53,83,9,19,92,12,26,3,14,0,4,42,56,7,1,7,43,0,13,27,8,17,40,9,0,217,13,3,35,2,25,3,1,11,24
"Cell847",0,81,0,14,8,29,5,0,3,19,91,44,1,4,23,15,55,1,1,24,7,23,1,4,2,33,24,49,0,8,0,19,0,14,1,2,2,5,0,64,42,5,0,24,1,17,180,5,7,67,11,3,2,243,40,113,0,66,0,17,28,71,1,0,11,33,0,5,7,1,6,26,50,0,29,70,37,36,2,9,6,3,13,18
"Cell848",0,40,1,16,2,55,0,0,10,20,36,54,0,3,32,2,17,2,3,27,9,21,1,0,1,19,21,45,1,17,1,14,1,4,0,9,5,1,0,40,40,7,0,55,0,21,169,0,8,74,10,8,9,234,29,101,0,53,0,3,36,66,5,7,11,22,0,18,5,13,2,67,50,0,47,79,13,41,3,14,4,1,17,13
"Cell849",0,38,0,17,3,38,0,0,3,21,36,61,0,2,35,8,54,0,1,26,11,24,3,0,5,26,22,80,0,6,0,5,1,5,0,8,3,0,1,49,68,4,1,33,1,30,169,5,7,67,10,2,0,248,43,101,0,57,0,4,34,60,2,1,13,24,0,8,0,9,0,46,46,0,21,64,18,33,2,5,0,1,14,22
"Cell850",0,24,0,18,4,15,2,0,0,13,36,35,0,3,11,3,25,1,4,5,1,24,5,0,3,17,9,36,0,2,0,3,0,3,0,10,0,1,0,35,53,7,0,24,2,19,125,1,1,39,10,0,2,144,14,42,0,45,0,3,28,43,0,1,9,20,0,6,1,1,1,31,22,0,30,35,13,25,6,17,2,0,10,9
"Cell851",0,51,3,16,4,40,5,0,9,44,90,84,0,6,34,13,51,1,1,34,10,22,2,7,3,26,47,84,0,15,0,15,5,16,0,9,2,1,0,75,70,12,0,32,11,30,214,2,6,58,27,4,9,318,46,225,0,49,0,6,36,91,3,1,19,47,0,9,8,3,26,72,44,0,27,95,27,59,2,16,2,3,14,29
"Cell852",0,29,1,14,2,41,0,0,7,17,56,62,0,0,41,4,55,4,6,32,8,11,1,7,1,32,34,74,0,13,0,18,0,5,2,11,6,6,0,47,54,5,0,65,1,35,183,4,3,79,11,8,15,300,36,178,0,86,3,17,51,35,4,4,13,39,0,8,5,8,14,84,52,0,37,96,22,50,5,9,3,1,24,33
"Cell853",0,56,0,22,6,23,0,0,4,16,68,44,0,1,28,4,35,0,2,32,2,17,5,9,0,24,25,65,0,7,3,12,0,2,0,4,0,1,0,36,49,7,0,21,5,14,135,4,12,50,11,3,6,303,12,118,0,67,0,9,26,58,4,9,12,50,0,5,3,0,10,44,43,0,19,74,16,61,0,10,2,0,14,18
"Cell854",0,40,0,10,4,23,0,0,2,35,61,48,2,11,30,4,47,1,3,23,1,14,2,0,2,49,21,45,0,14,0,2,2,0,3,6,3,1,1,34,72,8,0,29,0,36,145,2,3,62,24,5,7,285,32,108,0,57,0,1,21,64,4,0,13,20,0,8,2,1,4,35,21,0,50,49,17,45,2,2,4,0,17,10
"Cell855",0,45,1,18,8,33,3,0,6,20,42,45,1,2,23,16,54,0,3,9,9,16,0,1,3,26,25,62,0,4,0,12,3,4,1,5,3,0,0,41,22,2,0,42,1,15,150,4,6,67,6,4,4,274,16,107,0,55,0,4,29,42,4,3,9,22,0,14,5,2,2,62,33,0,13,86,9,14,0,11,4,2,9,38
"Cell856",0,40,0,9,7,58,0,0,4,31,48,61,2,11,43,15,29,1,3,19,12,12,3,1,1,29,32,76,0,7,0,11,0,7,1,6,1,0,0,42,71,3,0,34,2,29,183,4,0,65,20,0,2,324,32,133,0,52,0,10,47,55,6,0,21,25,0,7,1,3,7,35,83,0,28,70,22,23,3,10,2,0,17,26
"Cell857",0,67,2,18,2,21,2,0,4,37,50,57,0,2,35,7,34,1,6,12,12,19,4,1,0,31,45,62,0,19,0,22,0,6,6,7,8,0,1,49,66,7,0,54,3,26,159,4,1,63,27,7,6,250,26,108,0,54,1,10,41,58,0,4,5,33,0,3,0,6,10,91,55,1,43,45,19,26,0,7,15,0,16,20
"Cell858",0,93,1,23,5,59,0,0,1,10,72,35,0,12,18,10,38,2,2,12,6,10,0,3,1,27,27,98,0,1,0,10,3,1,1,13,10,6,0,72,71,7,1,53,1,44,125,0,11,133,51,12,2,308,38,151,0,49,0,9,34,67,0,3,12,30,0,10,3,1,5,71,49,0,40,59,23,43,1,14,8,0,11,28
"Cell859",0,25,0,17,3,39,0,1,6,19,26,50,0,3,31,7,30,3,7,21,8,17,1,5,3,26,33,68,0,12,0,28,2,6,0,20,9,1,0,50,38,10,1,53,4,32,183,2,8,35,12,4,12,313,34,121,0,63,0,16,27,41,1,2,9,35,0,19,4,5,12,97,41,0,28,67,11,42,3,9,2,0,12,30
"Cell860",0,52,1,24,4,42,1,0,5,19,51,35,3,5,22,5,44,1,3,18,2,19,1,7,0,19,64,93,0,12,0,7,1,4,0,7,4,0,0,65,50,6,1,29,0,37,143,0,12,55,14,4,0,272,18,139,0,59,0,10,41,58,6,7,9,32,0,6,5,3,7,90,58,0,18,65,22,27,2,13,5,3,15,36
"Cell861",0,51,3,5,6,23,0,0,9,21,61,63,5,5,26,10,31,5,1,21,0,23,0,3,2,16,27,78,0,24,0,3,0,3,4,20,2,1,0,51,46,9,0,32,1,28,151,1,8,86,11,4,11,262,23,108,0,38,0,14,41,49,5,3,1,32,0,13,2,1,4,76,27,2,33,59,18,35,2,4,10,0,8,26
"Cell862",0,30,0,18,4,58,5,0,3,38,75,43,0,5,40,12,55,6,6,21,15,49,4,3,3,28,37,45,0,14,0,9,1,12,1,4,4,2,0,53,76,8,0,46,4,40,160,2,6,78,13,4,5,325,24,137,0,70,0,13,30,61,0,8,4,52,0,11,2,4,8,94,69,1,34,61,16,55,2,10,0,0,20,20
"Cell863",0,35,3,20,2,46,0,0,0,29,42,42,0,2,43,3,16,3,1,19,15,23,1,1,0,48,32,86,0,6,0,17,0,6,4,5,2,0,0,56,47,4,0,40,6,29,132,1,3,74,5,8,12,251,31,153,0,83,0,9,31,37,2,4,10,33,0,3,2,3,4,65,53,0,47,53,4,23,11,13,6,0,22,19
"Cell864",0,37,1,5,0,25,2,0,0,21,46,41,1,2,30,13,18,4,3,12,1,19,0,5,1,13,19,40,0,8,0,10,0,3,1,11,3,4,0,23,40,0,0,34,6,23,144,0,2,50,4,4,2,136,39,105,0,54,0,4,28,43,0,1,12,30,0,5,0,7,4,50,25,0,27,45,28,22,0,6,5,0,8,11
"Cell865",0,37,1,24,3,44,2,0,4,6,55,64,2,1,20,14,24,0,4,13,3,16,3,1,3,23,41,117,0,12,0,4,0,7,0,2,8,4,2,48,62,10,0,52,12,33,99,4,7,102,12,1,7,215,20,97,0,59,0,7,28,55,0,6,10,32,0,10,2,5,5,75,62,0,31,54,26,17,3,21,4,1,9,11
"Cell866",0,39,8,25,5,49,0,0,0,16,53,59,0,2,21,3,31,1,3,27,7,24,5,3,5,28,19,51,0,10,0,13,0,2,1,13,4,2,0,43,52,16,2,24,2,16,164,2,10,68,7,4,11,253,24,54,0,76,0,6,25,92,2,1,16,22,0,1,2,2,9,71,52,0,43,62,7,31,4,12,1,1,17,12
"Cell867",0,34,8,13,3,44,0,0,3,24,39,49,2,10,19,4,44,0,2,35,11,3,3,10,0,31,40,102,0,11,0,8,0,4,0,14,6,2,0,38,76,9,4,39,8,13,122,3,4,64,7,2,4,216,40,116,0,63,0,7,47,75,4,4,11,28,0,4,4,3,5,46,52,0,36,87,19,43,7,10,3,1,20,19
"Cell868",0,19,6,16,2,35,0,0,0,18,28,33,0,0,14,5,38,1,5,20,3,11,2,0,0,13,31,76,0,8,0,8,1,4,0,14,5,1,0,40,48,2,0,25,3,27,89,1,2,42,22,7,2,259,25,100,0,65,0,5,13,43,2,2,4,17,0,3,4,2,11,28,61,3,20,61,12,41,0,4,2,2,10,15
"Cell869",0,40,0,11,8,22,3,2,1,13,64,48,1,8,27,6,24,13,1,24,8,17,1,2,8,26,30,55,0,20,0,10,1,5,0,11,1,1,0,45,40,2,0,47,0,29,118,0,8,79,32,1,5,295,32,105,0,56,0,13,49,64,0,0,5,16,0,3,1,1,6,53,48,0,31,67,15,31,1,14,5,0,12,31
"Cell870",0,25,0,11,3,23,0,0,3,15,64,61,0,5,45,7,22,4,4,17,9,21,2,5,0,50,35,60,0,5,0,5,0,4,0,12,4,0,0,65,68,2,0,49,1,42,135,0,8,57,17,0,2,273,26,132,0,61,0,16,20,75,2,0,4,24,0,11,4,2,6,39,39,1,33,68,8,19,3,8,1,4,12,20
"Cell871",0,60,1,21,5,48,1,0,2,41,73,53,0,5,64,13,46,5,9,41,21,26,17,0,9,58,64,88,0,11,0,20,2,11,2,33,3,4,2,68,89,10,0,83,8,34,210,6,3,106,21,2,1,261,38,185,0,80,0,10,36,93,1,2,10,31,0,4,5,3,18,89,64,0,38,108,30,52,6,14,13,0,10,25
"Cell872",0,53,1,23,9,11,1,0,17,27,58,46,0,7,59,8,63,0,0,16,2,5,1,0,0,31,41,125,1,19,0,9,3,9,0,11,1,0,0,38,41,1,0,20,8,24,139,4,5,67,14,3,6,299,29,133,0,77,0,15,41,61,4,0,2,29,0,9,3,0,8,63,45,7,34,77,26,30,0,8,2,3,9,19
"Cell873",0,14,1,19,3,35,0,1,0,27,18,55,0,1,34,8,36,1,3,28,5,22,1,2,0,40,23,25,0,4,0,6,0,6,0,7,5,0,1,20,36,4,0,17,6,12,113,2,5,46,4,2,11,197,13,76,0,49,0,7,12,70,5,3,6,18,0,4,3,1,4,50,38,0,32,49,13,16,1,11,7,0,21,9
"Cell874",0,37,5,36,0,56,0,0,3,28,62,56,0,13,32,13,33,0,2,26,7,22,3,1,1,48,42,93,0,11,0,6,3,9,0,8,6,7,0,41,98,2,0,37,8,30,196,3,3,57,20,8,5,367,30,102,0,73,0,13,19,48,4,2,11,19,0,4,0,2,8,70,45,0,30,69,37,40,1,14,4,2,14,23
"Cell875",0,27,0,11,2,18,0,0,3,18,64,35,0,13,26,9,33,3,2,18,3,14,6,1,5,12,25,41,0,13,0,15,0,2,0,8,1,0,0,30,49,8,0,39,9,33,143,0,5,80,4,9,13,154,22,92,0,59,0,3,25,91,4,5,10,21,0,14,1,2,7,58,33,0,24,106,20,28,7,5,2,1,10,29
"Cell876",0,35,0,11,4,27,0,0,3,16,58,38,0,5,38,4,36,0,2,24,12,15,1,3,0,17,23,57,1,7,0,3,4,4,6,5,4,0,0,42,42,1,0,31,3,22,143,2,0,76,17,5,3,274,25,86,0,44,0,6,35,47,0,0,5,18,0,16,12,1,16,58,49,0,17,57,14,33,0,2,5,2,15,24
"Cell877",0,53,0,4,3,33,2,0,1,17,36,37,1,2,29,20,29,2,1,27,4,20,1,0,0,22,20,65,0,12,0,7,0,3,6,4,2,1,0,41,54,4,0,24,0,33,137,2,10,89,7,6,7,228,44,80,0,30,0,6,23,54,2,1,6,17,0,15,3,6,5,62,33,0,24,55,6,29,4,8,5,1,17,18
"Cell878",0,44,6,15,5,24,1,0,6,11,32,80,1,3,40,4,40,3,5,15,5,11,6,7,2,31,66,83,2,20,0,12,4,6,0,13,4,7,0,46,49,6,0,34,2,33,167,6,4,65,5,4,14,234,27,120,0,68,0,6,37,80,4,0,10,20,0,13,2,5,10,82,36,0,28,68,16,59,1,7,4,1,8,16
"Cell879",0,30,0,17,0,19,0,0,0,14,28,44,1,2,23,5,21,0,0,7,3,25,5,2,1,27,10,54,0,11,0,4,0,6,0,4,0,0,0,16,53,3,0,16,2,13,96,2,5,42,7,6,1,244,36,92,0,27,0,1,10,34,3,1,6,18,0,9,1,0,2,60,26,0,11,29,9,25,1,5,2,0,6,11
"Cell880",0,64,4,24,5,28,0,0,0,35,40,64,0,3,32,12,43,3,5,24,19,29,8,1,3,25,24,43,0,14,2,13,3,7,1,12,7,5,0,55,59,7,1,28,9,28,172,1,2,65,10,6,13,244,39,138,0,36,0,2,14,73,4,0,9,37,0,3,8,3,1,72,62,0,26,52,6,58,3,5,8,0,19,25
"Cell881",0,67,5,27,11,62,1,0,2,35,77,64,2,20,40,10,36,1,13,25,15,31,4,1,1,58,56,86,0,5,0,7,7,6,1,9,9,1,1,72,116,4,0,47,2,55,203,1,6,101,18,6,3,426,48,190,0,80,0,8,30,56,0,2,12,33,0,4,0,4,9,74,56,0,14,105,31,58,4,15,8,2,6,23
"Cell882",0,36,0,12,3,32,0,0,4,25,50,86,0,6,22,2,44,1,2,22,5,22,2,1,3,25,48,63,1,3,0,13,1,6,2,17,4,1,0,40,73,5,0,47,3,27,186,4,4,84,18,2,1,252,25,154,1,51,0,17,47,68,2,1,22,27,0,9,1,4,8,57,52,0,15,44,12,64,1,14,4,0,9,46
"Cell883",0,49,0,14,2,44,0,3,1,23,82,53,6,7,29,17,42,6,2,31,9,8,2,2,1,31,33,94,0,4,2,3,0,3,0,9,2,0,0,45,51,0,0,40,4,17,156,8,5,69,14,15,1,265,37,104,0,38,0,7,37,87,5,1,12,23,0,4,1,2,11,67,46,0,36,64,11,31,3,12,7,0,17,12
"Cell884",0,39,2,20,7,39,0,0,8,38,47,61,0,14,21,7,50,3,4,14,12,21,4,3,0,29,32,83,0,15,1,18,2,5,2,17,7,9,0,56,57,9,0,52,2,24,241,4,1,117,11,9,10,329,31,176,0,89,0,3,35,98,5,1,19,42,0,3,13,1,9,74,46,0,44,77,17,43,5,9,3,1,14,33
"Cell885",0,39,4,25,3,72,1,0,1,20,53,61,2,11,16,0,60,0,2,29,4,13,1,0,1,23,27,67,0,11,0,10,1,3,0,14,6,2,0,89,77,7,0,67,1,24,161,1,6,91,9,0,3,367,30,122,0,59,0,10,49,43,1,2,6,37,0,13,1,3,8,52,65,0,26,36,13,42,0,7,5,6,11,27
"Cell886",0,54,2,20,2,50,0,0,2,14,53,60,0,20,36,15,76,2,2,48,20,25,6,1,2,27,51,109,0,25,0,6,0,9,1,19,9,1,0,54,65,0,0,42,4,58,237,6,3,51,11,7,3,315,27,162,0,117,0,12,24,75,5,2,21,25,0,7,0,2,9,76,86,0,43,58,10,33,4,18,3,2,19,23
"Cell887",0,54,1,3,2,32,0,0,1,21,35,35,2,3,23,9,38,1,7,34,10,34,6,5,1,37,41,36,0,4,0,5,2,2,0,6,2,0,1,35,39,3,0,22,0,38,124,0,6,60,8,4,2,190,15,62,0,52,0,6,30,67,2,7,5,9,0,10,0,2,6,11,35,0,24,96,17,19,0,11,3,1,13,7
"Cell888",0,65,1,22,2,52,0,0,7,35,56,67,4,0,36,7,42,0,4,11,8,14,4,1,1,40,32,72,0,5,0,14,0,3,0,5,1,5,0,53,56,2,0,63,1,27,176,1,3,65,15,0,6,301,30,152,0,57,0,13,44,68,2,0,11,32,0,4,5,2,9,88,45,0,30,86,28,34,2,13,4,1,10,26
"Cell889",0,43,0,14,6,28,0,0,8,16,54,32,0,6,19,8,20,3,3,23,6,17,1,1,2,18,17,45,0,8,0,11,1,8,0,4,8,1,0,30,23,0,0,32,1,20,114,3,5,60,6,1,4,152,25,82,0,78,0,3,20,38,1,0,4,29,0,2,2,0,7,44,36,0,43,46,18,21,2,9,3,0,10,16
"Cell890",0,57,0,13,1,59,0,0,6,17,78,51,0,10,28,11,38,1,5,35,6,22,2,0,7,35,36,77,0,8,1,20,2,13,1,4,0,5,0,63,35,4,2,44,0,26,175,0,3,55,13,12,3,282,27,138,0,67,0,8,33,69,6,8,9,26,0,12,1,1,3,77,77,2,21,44,17,43,6,35,0,1,22,45
"Cell891",0,67,0,15,8,49,1,1,3,29,64,92,6,8,43,7,58,3,2,41,21,41,6,3,5,43,65,75,0,23,0,19,1,11,4,7,5,10,0,84,93,6,0,54,5,72,304,11,7,81,15,1,9,342,27,171,0,98,0,18,38,70,1,1,21,47,0,12,7,7,9,89,73,0,67,57,28,49,2,22,8,3,20,63
"Cell892",0,41,0,21,10,25,0,0,1,17,62,86,0,8,20,9,43,4,3,20,12,10,8,0,0,24,25,64,0,6,0,7,0,4,0,11,3,2,1,44,60,1,0,40,2,32,185,1,5,66,7,2,10,308,40,92,0,59,0,1,48,72,3,1,9,22,0,18,0,4,1,64,63,0,24,89,8,31,1,15,3,4,10,33
"Cell893",0,34,1,11,9,59,0,1,0,17,66,58,3,10,27,5,36,4,4,19,12,17,4,2,5,31,16,76,0,20,0,6,3,4,2,13,7,0,0,64,72,6,0,42,14,37,227,2,13,89,5,7,5,326,44,116,0,67,0,18,28,95,1,4,4,28,0,5,6,4,3,80,50,0,51,59,24,37,2,11,5,3,7,35
"Cell894",0,41,0,14,3,38,1,1,1,10,44,56,1,7,29,3,25,1,3,9,9,18,2,1,0,23,37,49,0,13,1,7,1,3,2,10,0,5,0,33,40,1,0,53,4,25,182,1,0,77,19,3,10,177,22,79,2,64,0,8,17,90,7,0,10,33,0,13,2,0,4,56,64,0,25,45,4,32,1,8,4,0,10,46
"Cell895",0,50,1,7,9,34,0,0,8,28,30,61,0,5,23,12,40,0,1,17,1,17,5,1,3,14,37,34,0,6,1,5,3,8,1,8,5,8,0,24,47,2,0,43,4,20,150,5,6,56,16,3,12,298,22,111,0,47,0,7,34,64,0,1,4,34,0,6,1,4,12,57,35,0,30,67,20,38,2,3,3,2,12,33
"Cell896",0,35,1,20,5,50,2,0,0,19,44,41,1,7,37,17,47,0,2,35,4,12,0,7,2,29,33,56,0,14,0,9,1,5,0,7,3,2,0,54,52,4,1,28,18,22,130,1,2,58,5,7,2,211,23,89,0,53,0,19,29,52,1,2,8,26,0,6,0,0,3,85,49,0,29,34,17,23,2,2,4,4,17,23
"Cell897",0,48,0,15,5,38,0,0,0,20,47,57,3,9,24,17,20,2,3,30,3,24,5,5,6,37,33,57,0,14,0,19,0,11,0,15,5,3,0,44,55,10,0,38,3,59,133,3,2,70,11,8,3,333,42,134,0,59,0,11,35,80,2,0,28,36,0,8,6,6,7,69,42,0,33,40,27,48,3,3,2,5,10,18
"Cell898",0,51,1,8,9,46,1,0,1,27,66,50,1,2,12,4,49,2,3,36,0,39,2,1,1,30,41,72,0,12,0,9,1,7,0,18,5,1,0,50,59,0,0,29,6,25,143,0,7,92,24,1,4,258,28,126,2,52,0,10,44,86,1,0,5,34,0,7,3,2,5,60,60,0,28,92,12,29,6,4,10,0,20,32
"Cell899",0,21,3,8,3,36,0,0,1,15,35,43,0,1,16,1,23,2,3,12,0,12,0,2,1,17,7,58,0,10,0,11,0,11,0,5,0,1,2,30,30,15,1,49,1,28,158,1,9,53,6,10,7,217,24,76,0,72,0,9,20,79,2,0,7,16,0,8,7,2,9,57,50,1,21,47,14,14,7,8,2,1,9,21
"Cell900",0,62,1,15,12,45,1,0,1,21,74,68,2,16,30,29,84,5,0,31,4,30,0,2,0,37,37,106,0,13,0,12,0,12,4,9,7,3,0,89,46,3,0,41,6,60,206,2,6,82,27,7,5,609,40,127,2,101,0,8,42,88,0,5,20,47,0,10,10,12,11,132,71,1,40,54,40,48,1,14,16,0,13,19
"Cell901",0,38,1,12,1,36,0,0,0,25,39,39,0,6,11,5,35,1,2,13,17,6,3,0,2,20,29,67,0,3,0,7,1,5,0,7,5,2,0,36,38,1,0,23,4,31,160,1,3,76,23,4,2,248,18,102,0,77,2,2,20,42,2,1,24,20,0,8,7,0,3,62,29,0,13,48,17,44,2,5,9,3,7,35
"Cell902",0,52,0,27,3,35,1,4,6,30,62,47,0,2,55,9,75,0,1,24,13,25,6,2,5,44,42,88,0,11,1,16,1,8,2,9,6,4,2,49,73,5,0,75,10,53,209,0,16,87,15,5,7,443,44,165,1,77,0,13,60,107,3,4,22,35,0,7,2,13,9,100,62,1,47,63,29,71,2,15,7,5,14,53
"Cell903",0,90,5,18,2,32,0,0,0,14,49,47,0,7,12,5,27,5,5,44,8,11,2,3,1,26,37,108,0,17,0,11,0,16,0,12,0,2,1,42,50,3,0,44,5,47,204,0,9,61,12,4,13,303,40,128,0,82,0,8,34,67,2,2,12,38,0,14,2,0,7,20,49,0,28,96,16,41,3,4,6,1,25,32
"Cell904",0,38,0,16,1,57,6,0,1,15,39,30,0,5,14,8,47,1,1,16,7,32,1,3,5,25,21,53,0,4,0,19,0,5,0,7,3,1,0,38,54,1,1,35,10,39,132,1,5,38,13,8,3,188,37,112,0,46,0,24,34,57,1,0,4,27,0,5,1,1,4,47,33,0,30,33,10,33,0,8,6,0,12,9
"Cell905",0,58,0,13,4,14,0,0,0,13,37,39,0,6,26,1,51,3,0,24,16,24,0,2,0,24,22,58,0,15,1,3,0,8,3,0,2,2,2,48,40,4,0,33,1,20,137,0,0,23,22,12,8,191,20,77,0,46,0,9,19,50,2,1,10,23,0,0,6,1,5,41,27,0,31,33,5,18,2,2,3,3,10,42
"Cell906",0,45,0,14,1,31,1,0,5,10,33,26,0,4,21,10,13,0,3,14,12,24,4,3,1,20,36,33,2,9,1,8,0,8,0,3,4,0,1,31,39,9,0,38,3,18,88,4,3,48,13,10,5,239,14,66,0,36,0,4,24,40,1,0,5,19,0,7,6,1,10,41,41,0,13,77,13,25,1,6,2,0,3,21
"Cell907",0,54,1,12,2,30,1,0,2,16,37,56,0,6,13,14,57,1,2,13,7,17,4,1,2,25,27,62,0,8,0,10,2,1,2,14,4,2,1,49,47,1,0,19,3,14,146,4,6,59,13,4,3,264,17,79,0,55,0,16,27,56,0,0,4,23,0,8,4,2,10,56,37,0,24,85,5,33,2,13,6,1,12,28
"Cell908",0,33,2,10,4,42,0,1,3,31,78,67,0,13,9,8,76,0,2,41,9,38,4,3,9,42,24,60,0,5,0,7,1,1,0,12,2,0,0,58,49,12,0,54,0,41,157,4,7,82,20,8,6,349,47,152,2,46,0,11,25,80,1,1,8,31,0,18,1,2,22,74,79,0,35,52,22,32,0,13,11,1,14,29
"Cell909",0,21,0,13,2,23,0,0,4,37,29,36,1,11,15,3,30,7,0,15,4,10,2,6,0,15,28,39,0,8,0,4,0,3,0,20,1,2,0,60,29,8,0,31,1,25,123,7,6,52,7,3,2,235,19,56,0,61,0,10,26,64,2,1,5,15,0,7,3,1,7,40,40,0,23,49,16,16,0,14,5,0,12,18
"Cell910",0,55,3,20,1,26,7,0,4,10,19,22,1,0,15,4,20,3,4,14,9,32,0,0,1,9,24,28,0,8,0,7,0,0,0,7,6,0,4,36,29,2,0,26,1,18,70,0,4,34,9,4,4,149,15,81,0,41,0,11,16,41,0,0,7,8,0,0,9,3,3,38,60,0,30,34,14,24,0,6,0,3,12,8
"Cell911",0,23,0,14,0,34,0,0,3,21,70,64,4,2,19,7,70,0,3,41,5,8,0,0,1,19,34,55,0,14,0,17,4,2,0,8,0,1,0,52,53,7,0,41,2,23,161,2,7,71,11,4,2,241,20,146,0,49,0,10,33,63,0,4,5,24,0,2,2,5,6,57,60,0,18,58,9,56,6,6,4,0,22,25
"Cell912",0,67,0,15,2,33,0,0,2,33,64,38,0,6,25,4,55,3,1,14,5,31,2,2,2,23,29,70,0,14,0,23,0,6,0,13,5,1,2,48,61,3,0,16,2,30,209,4,8,75,20,6,4,340,25,162,2,68,1,6,20,50,0,1,18,49,0,5,0,7,3,78,64,0,20,82,20,43,6,10,8,0,7,26
"Cell913",0,30,1,20,3,33,0,0,3,32,84,67,3,4,19,11,61,3,4,29,1,21,4,4,1,27,17,104,0,10,2,4,4,9,2,1,3,2,0,75,64,4,2,42,2,29,171,0,8,85,17,2,3,317,32,121,2,57,0,3,22,74,0,2,7,25,0,7,0,1,5,54,44,0,47,82,21,27,0,4,7,1,13,22
"Cell914",0,35,1,22,3,64,2,0,5,45,70,79,0,8,32,23,42,4,4,22,12,15,0,2,6,22,37,67,0,11,0,9,1,5,0,16,16,0,0,46,62,3,0,33,9,53,166,1,6,81,38,5,1,418,28,218,0,75,1,10,29,45,2,2,17,18,0,12,6,9,6,76,68,0,50,64,31,37,1,5,10,0,13,34
"Cell915",0,32,1,8,4,22,2,0,2,48,77,48,0,12,37,11,48,2,1,29,2,27,2,1,1,27,23,50,0,8,0,1,2,7,0,1,7,1,0,24,31,6,0,43,2,33,185,1,7,81,14,1,1,307,36,56,0,57,0,6,32,62,1,0,16,13,0,5,2,2,6,46,34,0,27,58,36,40,4,6,3,0,16,26
"Cell916",0,55,4,16,3,45,1,0,5,24,76,73,1,9,25,9,23,4,11,32,11,36,2,2,1,35,58,103,0,8,0,15,1,5,8,7,2,4,0,60,77,12,3,60,2,26,278,4,16,109,33,2,7,379,35,196,0,84,0,3,46,69,3,0,21,27,2,12,1,7,12,108,82,0,58,68,24,41,5,26,7,0,33,27
"Cell917",0,28,5,33,8,44,0,0,2,17,62,38,0,12,22,15,38,1,6,34,14,19,4,3,0,35,40,86,0,7,0,6,3,4,0,4,6,0,0,53,46,9,0,37,1,46,199,3,14,64,10,5,7,212,31,114,2,48,0,3,46,74,1,1,14,32,0,3,2,3,9,57,69,0,19,60,15,40,5,3,5,0,15,31
"Cell918",0,47,2,12,0,42,0,0,7,30,49,59,0,3,23,8,40,1,5,28,11,27,6,2,4,33,15,71,0,10,0,5,0,5,0,11,2,2,2,30,58,2,0,43,2,33,177,3,8,42,10,4,3,256,40,138,0,58,1,7,33,77,0,2,5,34,0,6,4,0,3,61,60,0,22,81,10,58,0,20,5,0,9,24
"Cell919",0,32,3,21,3,23,0,0,2,14,51,59,1,4,33,8,22,0,3,20,13,24,3,2,0,10,32,61,0,9,0,15,0,3,0,10,1,2,0,58,79,5,0,57,9,36,170,3,5,50,11,1,1,311,27,103,0,63,0,1,35,65,9,1,13,26,0,15,1,2,2,68,55,0,21,43,13,27,1,9,0,0,15,31
"Cell920",0,48,2,32,3,39,1,1,2,40,61,49,0,19,38,13,62,0,1,22,9,20,0,0,4,33,17,84,0,12,1,19,3,3,0,20,1,1,0,46,63,1,0,42,1,26,230,6,17,91,26,6,5,344,41,134,1,66,0,12,30,43,3,3,10,34,0,10,4,3,9,84,75,1,41,62,21,48,3,7,13,0,8,11
"Cell921",0,49,0,18,7,47,0,0,5,19,52,48,0,4,29,5,19,0,6,25,11,13,4,1,4,30,39,44,0,23,0,18,4,10,0,6,6,0,0,42,46,19,0,60,0,35,151,1,2,84,22,12,4,219,18,120,0,81,0,10,26,113,4,0,4,47,0,6,3,9,6,65,33,0,36,52,21,17,0,5,7,2,19,29
"Cell922",0,56,0,20,3,29,6,0,3,19,86,52,0,12,43,7,15,6,1,30,8,7,5,3,2,16,24,39,0,4,0,15,0,4,2,22,6,6,0,36,74,0,2,40,0,22,128,4,5,52,8,11,9,301,24,116,0,60,0,4,15,62,4,2,19,19,0,3,0,4,2,70,43,0,20,23,27,25,4,6,7,0,15,23
"Cell923",0,49,1,11,6,34,0,0,7,22,49,64,1,6,35,12,75,1,2,18,8,16,0,5,3,20,34,60,0,11,0,22,0,4,2,15,8,1,1,64,44,7,0,45,6,14,186,0,4,91,23,4,10,349,20,93,0,69,0,9,21,57,4,3,4,30,0,14,6,3,6,77,66,0,38,101,16,57,1,24,4,0,37,30
"Cell924",0,47,0,32,0,56,0,0,5,17,37,72,0,8,26,5,26,7,0,57,12,18,3,2,1,30,30,100,0,9,0,5,0,4,2,12,4,0,0,67,62,1,1,44,3,45,188,0,0,80,19,3,7,390,38,122,0,82,0,2,29,73,2,0,9,24,0,10,4,10,6,45,59,0,33,65,23,43,2,7,8,1,6,27
"Cell925",0,32,1,15,1,24,0,0,0,8,60,47,1,5,30,5,19,0,2,19,4,28,5,1,1,25,17,36,0,10,0,7,0,4,1,5,3,1,0,46,50,4,0,32,2,31,88,1,4,56,24,7,0,224,20,117,0,54,0,7,23,62,4,1,24,42,0,6,2,9,9,48,50,0,16,48,22,27,0,8,2,1,5,18
"Cell926",0,50,2,17,4,36,0,0,0,17,40,47,1,9,15,8,36,1,6,24,4,14,8,1,2,35,43,56,0,6,0,7,1,7,1,10,2,0,0,56,44,3,0,32,7,26,130,0,0,68,5,4,5,287,27,75,0,38,0,10,32,50,2,4,2,19,0,12,8,1,7,38,58,0,15,69,21,38,0,1,4,0,6,23
"Cell927",0,22,0,4,5,43,1,0,3,23,55,53,1,1,5,9,21,3,1,31,5,32,2,1,3,23,35,68,0,13,0,4,0,7,1,10,5,6,0,62,45,0,0,30,2,12,128,4,0,56,5,9,5,227,38,94,0,43,0,10,14,34,4,4,7,27,0,5,3,6,6,36,49,0,14,55,7,29,0,20,2,0,18,32
"Cell928",0,17,0,21,4,37,1,0,0,17,37,36,0,0,15,6,35,2,1,15,5,10,1,2,1,24,20,45,0,2,2,8,1,2,0,3,3,2,0,44,50,2,0,31,0,36,135,0,9,51,11,3,5,203,25,97,0,50,0,3,29,77,3,2,10,23,0,3,4,0,4,20,43,0,30,63,12,32,0,4,2,0,8,15
"Cell929",0,66,3,14,5,59,1,0,3,31,72,102,0,10,33,15,41,3,8,36,24,39,1,5,4,25,41,72,0,18,0,7,4,11,1,10,2,6,0,43,80,3,3,49,3,22,224,6,9,66,21,4,11,401,42,110,0,61,0,10,30,63,8,6,8,30,0,3,7,4,15,47,49,0,31,121,28,48,2,1,9,1,12,28
"Cell930",0,48,3,14,1,50,0,0,5,23,60,46,2,6,22,0,66,0,0,15,6,10,2,2,1,27,25,97,0,14,0,8,0,4,0,16,1,3,0,18,52,4,0,27,6,32,192,1,2,65,8,14,2,324,21,124,0,102,0,8,25,84,3,3,13,34,0,5,6,9,4,53,55,0,35,90,20,42,2,17,2,2,8,25
"Cell931",0,35,3,9,3,26,0,0,2,11,33,47,0,8,26,18,35,0,1,18,2,22,2,1,1,20,28,53,1,5,0,11,1,2,0,9,6,8,0,49,31,4,1,40,2,17,137,3,8,54,20,4,7,337,20,108,2,48,0,1,35,87,2,0,7,13,0,9,5,2,19,65,49,0,25,66,12,43,0,7,6,0,14,29
"Cell932",0,18,1,19,2,46,0,0,5,18,62,39,0,4,21,5,29,1,0,22,9,11,8,2,4,17,19,59,0,9,0,11,1,1,4,4,2,2,0,23,32,4,0,26,0,28,88,1,2,49,14,0,2,234,18,133,0,43,0,9,27,49,5,0,6,20,0,0,3,1,1,42,36,0,23,51,5,49,0,3,10,0,18,38
"Cell933",0,57,0,17,6,65,0,0,3,27,75,70,4,7,32,7,57,1,1,24,10,39,1,5,2,32,44,103,0,1,0,11,0,10,1,14,2,2,2,39,64,5,0,30,2,34,213,1,8,87,10,0,10,222,22,163,0,110,0,9,35,98,3,7,9,60,0,12,8,2,7,53,59,2,49,112,25,51,3,10,5,0,30,32
"Cell934",0,49,0,16,7,35,3,1,7,30,66,60,0,9,21,13,36,3,0,42,5,42,5,2,2,44,25,68,0,7,0,3,2,4,0,3,10,1,0,38,47,5,0,45,10,41,200,5,6,70,12,5,2,330,45,155,0,89,0,6,40,47,2,4,1,10,0,7,2,12,2,70,48,0,57,91,30,34,2,8,2,2,12,18
"Cell935",0,56,4,23,3,42,0,0,6,24,75,55,0,5,27,15,58,3,3,20,7,22,0,0,0,40,33,116,0,10,0,13,0,12,0,14,6,1,0,43,86,2,0,66,4,37,200,4,8,78,12,4,1,278,37,140,0,49,0,9,45,99,3,0,10,39,0,10,0,7,4,58,57,0,21,80,42,44,1,2,9,0,17,49
"Cell936",0,48,2,27,5,28,1,0,9,12,72,61,0,5,22,11,53,3,1,19,19,10,2,9,0,14,23,65,0,4,1,14,1,11,0,12,3,0,0,43,56,2,1,44,1,17,148,0,10,69,17,3,1,257,24,130,0,50,0,11,29,59,5,2,7,30,0,4,4,0,9,56,76,0,21,51,14,28,0,18,3,2,7,42
"Cell937",0,35,0,26,2,39,0,0,3,18,61,29,0,2,16,6,25,2,2,17,0,10,1,1,12,18,19,67,0,6,0,11,5,6,0,1,4,7,0,24,79,2,0,26,2,26,176,3,3,99,11,2,7,338,41,123,0,34,0,12,31,35,0,1,10,21,0,5,5,5,16,28,23,0,35,110,8,32,0,12,3,0,16,24
"Cell938",0,41,2,19,3,71,1,0,6,28,61,52,0,4,20,6,45,4,4,36,4,30,5,2,2,29,36,109,0,7,0,13,2,6,5,7,3,0,0,53,97,3,1,85,4,30,204,0,1,92,28,8,7,390,35,155,2,68,0,1,49,88,3,4,16,29,0,7,3,4,8,44,79,7,35,80,24,42,5,26,8,0,14,30
"Cell939",0,67,0,30,4,41,0,0,1,16,52,32,0,5,8,8,51,2,5,32,8,16,5,5,2,32,24,38,0,9,0,18,6,2,3,7,1,9,1,53,41,0,0,37,6,20,133,3,18,67,10,5,4,248,15,159,0,53,0,6,19,55,4,2,12,23,0,6,4,9,3,67,53,0,31,78,8,44,3,24,14,3,25,22
"Cell940",0,36,3,4,1,33,0,1,2,16,23,54,0,3,21,8,43,2,3,9,5,8,8,1,2,20,37,44,0,1,1,7,1,3,2,7,3,1,1,53,53,3,0,45,5,41,112,4,7,38,12,1,2,279,23,116,0,65,0,5,13,24,1,0,6,30,0,9,0,3,5,53,44,0,18,66,7,17,7,6,4,0,16,29
"Cell941",0,71,3,18,2,44,1,0,6,22,56,56,0,4,24,16,31,1,2,19,15,12,4,0,2,28,46,102,0,8,0,5,1,5,0,9,6,1,0,50,66,6,0,45,11,42,180,3,9,67,13,1,1,290,19,106,0,73,0,8,45,63,4,0,9,37,1,8,6,2,4,61,60,0,52,80,10,17,3,21,5,1,12,22
"Cell942",0,23,2,14,5,29,1,0,2,7,32,26,0,6,14,10,16,0,2,13,4,18,4,0,3,25,25,42,0,0,0,18,3,3,1,4,2,0,0,51,26,2,0,19,3,12,81,1,7,26,1,1,4,243,14,68,1,40,0,7,11,37,1,0,7,12,0,3,0,3,7,13,55,0,32,61,16,23,0,8,2,2,16,23
"Cell943",0,39,6,5,2,24,2,0,0,23,40,45,0,1,41,12,31,0,0,28,5,25,2,3,4,18,36,73,0,8,1,2,1,4,0,10,1,1,0,35,63,2,0,36,2,46,124,0,6,52,8,0,4,248,27,119,0,40,0,10,23,55,0,1,4,23,0,2,3,4,7,74,42,0,25,63,13,40,0,14,6,0,18,14
"Cell944",0,53,7,27,4,31,1,0,8,42,73,68,0,10,24,10,55,5,3,30,2,24,3,0,4,44,37,102,0,11,0,15,3,7,0,4,10,1,0,51,34,5,1,57,6,43,210,0,7,90,21,5,3,279,16,112,0,66,0,6,25,110,4,5,6,45,0,10,4,3,7,79,50,0,33,54,11,61,3,9,3,1,15,35
"Cell945",0,67,1,17,6,64,0,0,2,28,58,54,0,0,25,18,34,3,2,26,11,62,6,3,2,32,42,71,0,12,0,7,0,6,0,5,1,1,0,68,80,1,0,44,6,64,205,0,3,87,24,5,4,285,28,134,0,56,0,14,30,112,3,8,8,17,0,12,11,5,13,84,76,0,36,88,29,35,1,16,3,2,11,36
"Cell946",0,47,0,10,0,40,0,0,4,30,48,75,0,2,35,11,45,2,1,32,14,21,1,1,4,44,41,59,0,6,0,9,1,5,2,13,12,3,4,47,37,5,0,38,0,29,175,2,7,76,10,4,2,270,24,144,1,85,0,8,41,61,4,2,9,29,0,6,4,0,3,88,49,0,35,85,24,26,1,5,7,0,15,38
"Cell947",0,54,1,16,5,37,4,0,6,18,41,53,4,9,13,6,42,5,1,44,9,21,14,1,2,38,44,65,0,10,0,14,0,4,0,12,4,2,5,41,47,2,0,40,2,30,165,3,3,61,29,0,10,252,17,144,0,45,0,11,25,70,2,5,10,19,0,7,4,4,22,58,103,0,47,97,7,35,6,8,1,1,20,14
"Cell948",0,52,3,4,5,36,1,0,0,13,59,45,0,2,25,7,18,1,8,18,9,19,3,0,1,20,36,88,0,4,0,24,1,7,1,6,2,2,0,35,30,3,0,16,5,41,171,4,5,78,7,0,0,241,11,83,0,60,0,2,42,69,3,2,6,31,0,10,0,4,6,44,48,0,33,46,19,20,3,14,4,6,13,31
"Cell949",0,42,3,8,2,28,0,0,0,14,51,26,0,3,17,3,73,0,8,13,6,10,4,5,0,15,23,91,0,1,0,3,1,1,0,6,2,0,0,22,63,3,0,31,3,25,134,2,1,54,3,2,7,266,25,76,0,48,0,8,25,43,0,0,14,15,0,4,5,1,1,54,43,0,31,62,5,27,0,7,8,0,17,5
"Cell950",0,39,0,22,2,34,2,0,7,24,46,48,3,5,37,10,32,7,2,19,5,28,4,0,2,31,48,87,0,10,0,8,1,3,0,21,1,2,0,49,45,11,0,37,0,23,118,6,6,66,34,3,6,339,16,155,0,57,0,6,35,67,0,2,11,42,0,12,2,7,6,67,61,0,29,113,24,31,1,5,4,4,15,49
"Cell951",0,37,2,19,3,50,0,0,8,10,38,40,0,0,15,14,42,3,2,23,5,25,1,0,3,20,26,74,0,8,0,10,2,5,0,8,2,5,0,22,23,0,2,50,0,25,129,4,6,56,17,2,10,257,22,123,0,42,0,3,19,55,9,3,7,16,0,7,0,3,7,59,53,0,27,26,15,23,2,12,8,0,14,43
"Cell952",0,29,2,19,4,38,0,1,2,21,51,53,0,7,28,11,66,2,2,27,12,37,4,0,0,22,44,49,0,16,1,13,1,17,4,7,1,3,1,62,57,4,2,43,5,15,137,0,10,77,9,1,0,267,13,70,1,76,0,5,27,44,2,2,9,32,0,7,1,3,15,72,53,0,16,71,19,26,2,7,6,1,16,23
"Cell953",0,81,5,31,1,53,0,0,3,30,59,71,0,3,44,7,30,0,4,24,11,12,7,3,1,37,32,76,0,14,0,9,0,9,1,9,18,2,1,63,64,2,0,70,2,39,189,4,10,80,16,10,0,335,27,195,0,55,0,11,22,97,0,0,12,56,0,5,13,1,4,74,111,3,20,69,36,54,2,13,3,3,13,17
"Cell954",0,30,0,13,1,39,9,2,0,33,47,37,0,4,18,6,47,3,0,29,11,29,2,3,1,14,34,55,0,8,0,6,0,9,4,12,2,2,0,62,56,3,0,38,7,17,141,4,8,83,22,6,11,224,20,110,0,52,0,7,27,51,2,2,5,39,0,5,8,1,11,43,49,0,43,84,17,51,0,4,9,0,8,22
"Cell955",0,33,3,11,5,28,0,0,1,34,92,39,15,2,21,8,41,1,2,20,3,13,4,2,0,32,25,51,0,3,0,9,0,10,1,8,6,1,0,60,82,2,0,32,7,27,164,2,9,79,10,12,14,332,55,123,3,50,0,6,27,38,5,0,12,19,0,4,4,9,16,31,58,0,18,35,22,61,0,12,14,1,14,24
"Cell956",0,23,1,23,1,24,0,1,9,30,49,46,2,7,17,13,50,2,1,11,20,24,0,2,1,26,52,92,0,16,0,16,0,15,0,5,5,1,0,63,38,8,0,60,5,37,156,2,4,67,28,18,9,246,31,98,0,56,0,5,40,64,0,2,10,32,0,5,0,2,10,107,45,0,29,73,22,43,3,14,2,0,20,29
"Cell957",0,36,3,13,3,32,0,0,3,10,48,43,2,4,20,14,41,2,8,23,3,26,0,5,1,13,29,77,0,7,0,14,0,8,2,5,0,1,0,51,36,4,0,56,0,20,95,8,5,76,18,5,7,263,19,63,0,54,0,2,16,64,0,0,4,31,0,13,7,1,7,65,54,0,17,55,14,33,0,7,3,0,15,13
"Cell958",0,64,4,19,5,36,0,0,6,10,36,50,0,3,34,14,51,2,1,28,10,27,5,5,2,41,23,97,1,6,0,3,1,7,0,11,4,1,2,62,41,2,0,57,2,11,170,2,6,60,20,4,5,297,20,122,0,62,0,22,31,66,0,0,13,26,0,8,2,0,8,68,50,0,30,34,23,51,4,21,4,0,18,24
"Cell959",0,61,0,14,2,45,5,0,8,14,95,45,1,65,21,20,25,3,4,5,7,34,4,0,12,11,10,273,0,10,7,23,0,10,4,12,10,8,1,107,25,12,0,23,13,69,157,0,5,65,64,13,16,72,15,55,1,18,0,13,27,61,12,0,13,25,0,16,28,7,16,59,4,0,215,11,4,37,5,20,1,5,17,33
"Cell960",0,22,2,5,0,17,0,0,3,12,32,41,0,2,24,6,13,2,0,19,1,14,4,2,0,30,17,52,0,4,0,6,0,8,0,3,3,2,0,37,18,1,0,39,5,14,83,1,4,44,0,2,5,173,21,42,0,29,0,1,15,51,1,0,4,16,1,2,3,4,7,74,46,0,20,45,5,15,4,9,6,0,14,21
"Cell961",0,38,0,14,1,26,1,5,0,20,54,41,1,3,16,5,27,0,6,9,4,12,3,3,0,6,31,60,0,19,0,14,1,9,0,7,0,1,0,29,31,3,0,34,2,28,75,0,9,42,11,9,4,225,23,108,0,43,0,5,15,45,2,2,1,16,0,5,0,0,4,70,34,0,16,29,6,30,0,11,7,1,18,32
"Cell962",0,32,0,6,4,40,0,0,10,24,84,66,0,5,49,10,38,2,1,26,6,16,6,0,1,37,20,66,0,3,1,15,1,6,0,6,5,0,4,70,64,2,0,33,2,24,145,6,8,65,11,1,17,255,31,128,0,45,0,11,35,59,1,0,21,29,0,15,4,3,8,51,71,0,40,58,18,56,2,13,2,6,9,20
"Cell963",0,48,0,28,7,36,8,0,2,14,95,73,0,40,13,71,14,7,3,9,17,18,1,0,8,6,11,221,0,6,1,18,0,20,3,14,8,8,0,92,22,11,0,19,24,40,162,1,3,37,33,7,39,68,9,94,0,12,0,5,27,47,2,1,12,41,0,27,33,2,14,32,9,0,191,3,7,36,2,19,4,0,10,23
"Cell964",0,39,1,26,3,28,0,0,4,19,39,70,1,12,28,9,29,7,2,22,5,22,1,2,0,34,17,113,0,7,0,15,1,6,1,6,1,1,0,63,59,2,0,71,1,40,159,2,8,67,21,11,9,437,32,123,0,87,0,8,39,81,2,1,8,31,0,4,3,3,22,69,56,0,48,76,11,41,1,6,16,0,10,26
"Cell965",0,54,3,15,2,31,1,0,7,18,49,51,0,5,37,9,63,2,6,18,6,23,1,3,0,27,24,76,0,5,0,4,1,2,1,3,1,4,0,23,62,5,0,58,5,35,152,4,11,38,18,8,3,242,18,125,0,74,0,5,23,121,1,0,15,32,0,3,2,7,5,69,38,0,33,81,26,59,0,14,5,0,14,35
"Cell966",0,29,0,18,5,70,0,0,2,10,52,50,0,1,24,13,66,4,2,28,8,5,0,5,2,14,24,73,2,14,1,22,0,7,1,3,4,0,0,61,70,1,0,35,8,25,152,6,10,92,11,9,1,282,32,137,0,84,0,6,34,69,2,3,6,27,0,1,0,4,9,109,50,1,22,60,20,32,1,6,13,2,22,43
"Cell967",0,26,0,23,1,26,1,0,0,12,75,26,1,15,11,8,36,0,7,17,3,1,0,0,0,27,13,64,0,11,0,7,1,3,0,8,12,5,0,13,38,4,0,22,2,10,91,3,4,56,25,8,9,197,7,79,0,38,0,2,22,31,4,3,3,16,0,4,0,0,1,55,30,0,20,63,13,15,1,6,1,0,7,21
"Cell968",0,53,4,19,1,36,1,0,3,24,65,48,0,4,47,4,37,9,2,31,16,24,1,4,1,27,25,74,0,20,0,16,1,6,0,8,1,12,0,47,61,12,0,33,3,52,172,0,9,52,10,4,2,312,28,151,0,70,0,14,48,99,5,2,9,25,0,2,1,3,1,66,42,0,18,52,37,36,0,7,6,0,20,11
"Cell969",0,41,0,6,4,22,0,0,2,5,50,53,0,16,18,2,25,5,1,29,10,12,2,3,2,21,29,65,0,6,0,5,0,8,1,0,3,1,3,25,30,3,0,21,7,9,129,2,9,44,14,6,1,233,32,87,0,56,0,7,37,26,0,7,7,38,0,0,0,4,6,26,34,0,19,68,11,33,0,19,4,0,12,12
"Cell970",0,51,2,24,17,43,3,0,3,26,71,46,1,4,35,17,67,4,1,30,4,24,4,2,0,29,32,91,0,9,0,17,1,17,1,6,10,5,0,81,65,3,0,48,6,38,142,3,12,88,18,10,5,414,61,166,0,74,0,3,38,86,7,0,15,29,0,9,1,6,20,88,69,2,16,61,18,52,3,13,5,2,20,68
"Cell971",0,30,0,9,0,43,0,0,2,27,55,33,0,4,15,7,29,0,0,29,10,21,3,5,4,23,20,79,0,7,0,7,0,3,1,9,10,3,0,40,42,1,1,33,2,33,130,0,2,45,26,8,4,200,11,109,0,40,0,8,25,70,2,3,5,29,3,1,0,7,4,50,38,0,15,79,17,25,0,8,12,0,6,18
"Cell972",0,55,1,34,3,44,3,3,6,40,48,42,2,5,48,11,39,5,6,33,10,18,7,3,1,42,37,86,0,23,1,10,1,4,1,10,1,1,0,48,52,7,2,39,1,52,174,8,1,87,13,8,4,282,21,178,0,66,0,12,32,76,4,1,16,41,2,9,4,7,3,81,86,0,64,90,31,56,0,9,3,1,9,42
"Cell973",0,48,1,24,2,21,0,0,2,9,49,44,0,3,28,9,36,0,0,13,5,17,3,1,2,17,29,28,0,13,0,6,0,1,0,6,4,4,0,29,70,8,1,29,3,20,111,0,3,41,5,3,5,189,26,85,4,39,0,2,22,63,2,1,11,14,0,3,0,1,12,46,32,2,15,61,7,25,1,5,8,0,12,23
"Cell974",0,16,0,9,1,40,0,2,5,18,59,39,0,4,20,24,16,5,0,11,5,21,2,2,1,13,12,42,0,10,0,7,1,1,0,4,10,1,0,20,45,2,0,22,0,20,80,0,7,39,20,0,1,200,23,98,0,49,0,11,4,49,0,1,5,18,0,13,1,0,2,37,53,0,22,52,16,55,2,6,5,0,1,18
"Cell975",0,65,0,24,3,49,0,0,8,33,50,64,1,8,38,8,45,2,4,26,6,11,3,3,1,42,40,74,0,20,0,27,0,5,3,9,19,3,0,77,67,8,0,35,6,18,165,3,6,113,11,7,3,319,39,129,1,84,0,8,46,58,2,0,3,29,0,10,3,2,14,38,59,0,36,67,20,37,0,5,18,2,15,31
"Cell976",0,31,1,20,1,46,0,0,0,23,47,40,0,1,27,18,31,1,2,31,7,23,1,0,1,45,16,44,0,10,0,5,0,5,0,14,6,2,0,31,43,9,1,22,0,16,176,9,2,47,16,3,1,291,21,85,0,48,0,9,26,36,1,0,9,17,0,3,3,3,9,47,28,0,32,48,14,31,1,17,6,1,6,21
"Cell977",0,17,1,17,1,23,4,0,7,8,54,21,3,2,19,8,18,5,1,18,1,9,0,8,1,26,21,45,0,3,0,3,0,2,0,10,7,3,0,30,49,6,0,38,0,11,103,3,2,27,7,0,16,132,18,58,0,36,0,9,17,21,0,5,9,25,0,6,7,0,1,28,24,0,57,28,9,21,1,8,6,0,7,13
"Cell978",0,29,5,26,1,15,0,0,4,10,31,52,1,4,12,10,46,2,3,14,7,13,2,0,0,10,26,74,0,3,0,11,0,4,0,12,0,1,0,19,49,4,0,49,1,39,125,0,4,45,5,5,3,217,13,97,0,43,0,5,19,19,5,1,6,18,0,6,1,1,7,49,36,0,27,40,23,28,1,7,3,0,7,27
"Cell979",0,39,3,25,1,42,0,0,9,19,54,72,0,5,23,10,30,1,2,31,9,18,7,0,2,22,51,88,0,20,0,17,0,1,1,13,12,4,0,43,66,2,0,51,2,47,193,0,4,99,16,12,7,240,13,124,1,55,0,22,61,67,1,1,5,41,0,2,4,6,14,81,52,0,48,123,11,41,1,5,2,0,19,18
"Cell980",0,26,0,21,6,34,1,0,1,53,58,53,1,11,20,14,36,0,5,38,12,6,1,3,2,53,60,80,0,8,0,12,1,11,2,6,5,3,2,41,85,12,0,66,7,44,164,0,3,51,16,4,5,292,30,195,0,78,0,6,38,75,2,1,11,38,0,11,0,10,7,75,43,0,18,63,21,60,0,8,0,3,18,32
"Cell981",0,40,2,15,5,50,0,0,1,34,73,81,0,7,56,11,88,3,3,34,9,31,3,1,5,40,40,121,0,6,0,17,0,8,1,8,3,7,0,46,82,4,0,54,4,37,252,0,3,109,29,3,6,393,27,137,1,78,0,8,30,84,6,1,8,39,0,25,8,2,14,96,46,0,43,102,22,53,0,9,17,0,22,28
"Cell982",0,21,0,4,2,24,2,0,1,15,22,31,0,4,17,2,17,4,5,17,7,9,0,6,0,22,14,44,0,3,0,10,0,2,0,3,6,2,0,23,30,2,0,33,5,20,107,1,1,21,6,1,6,169,21,46,1,25,0,1,14,38,0,0,4,5,0,3,3,2,2,23,18,0,9,25,8,19,0,14,7,1,9,12
"Cell983",0,36,0,10,2,50,0,0,0,11,53,33,0,12,11,6,47,4,3,25,12,20,2,0,6,28,28,78,0,9,0,28,2,4,0,5,2,1,0,34,41,1,0,32,6,26,170,2,3,52,14,8,5,280,37,115,0,41,0,10,36,65,2,5,11,36,0,2,3,6,3,42,53,1,24,75,19,38,10,11,4,0,20,37
"Cell984",0,29,1,16,4,16,0,1,0,25,36,77,0,5,14,3,58,1,4,20,10,12,0,1,2,25,26,79,0,5,0,10,4,3,0,8,7,5,0,54,36,14,1,56,9,28,147,0,11,75,17,4,9,257,25,113,0,54,0,5,16,66,2,5,9,20,0,7,3,1,8,44,37,0,14,64,20,59,2,5,7,2,10,17
"Cell985",0,49,4,12,4,52,0,0,2,31,63,41,0,14,34,15,51,3,8,21,7,20,0,1,1,37,22,52,0,13,0,19,0,1,0,8,7,1,0,36,47,6,0,41,0,24,177,3,3,44,25,6,9,238,46,163,0,66,0,6,27,62,4,1,17,36,0,11,1,2,4,39,50,0,27,61,31,31,0,15,3,1,18,25
"Cell986",0,26,0,2,3,35,0,0,5,24,37,29,0,6,20,10,33,3,0,15,5,20,1,1,2,20,16,30,0,13,0,3,2,7,1,1,2,1,0,30,49,4,0,26,3,23,101,2,7,45,25,3,4,201,21,93,0,26,0,4,17,44,1,0,10,25,0,6,0,0,2,58,19,0,28,31,8,27,1,0,7,0,11,13
"Cell987",0,50,3,18,4,35,1,0,1,15,64,49,0,1,39,9,44,3,2,23,6,19,8,2,1,24,44,73,0,5,0,14,0,9,1,9,1,0,2,72,42,8,0,30,1,44,182,0,0,43,6,1,8,241,23,108,0,59,0,16,30,81,1,2,15,43,0,4,7,1,7,61,52,0,19,73,15,35,1,4,19,0,16,17
"Cell988",0,15,0,11,2,22,2,0,2,18,28,23,0,2,11,10,31,2,1,7,0,5,0,1,1,16,13,30,0,2,0,11,1,13,0,7,4,2,1,27,30,5,2,8,2,32,108,0,2,60,14,8,1,170,18,104,0,47,0,4,34,41,6,0,6,13,0,3,2,3,0,42,50,0,14,44,6,27,3,14,2,1,13,14
"Cell989",0,63,0,17,2,25,0,0,5,22,58,68,3,3,31,7,47,9,1,32,5,20,5,2,1,64,43,98,0,12,0,17,1,8,0,11,6,2,0,81,66,6,0,72,4,32,177,1,3,56,17,4,3,417,34,151,0,68,1,8,33,88,2,0,6,39,2,6,1,6,3,77,59,0,34,98,22,45,6,12,5,2,26,37
"Cell990",0,37,0,15,2,21,1,0,13,43,47,31,0,4,34,10,38,3,1,28,13,21,2,0,1,36,21,97,0,13,0,22,1,9,0,16,3,7,0,30,49,0,0,49,7,16,175,3,3,65,7,7,1,240,28,102,0,82,0,9,23,58,3,0,16,25,0,11,0,4,5,88,40,0,27,88,17,34,5,15,6,0,8,26
"Cell991",0,54,1,11,0,25,0,0,1,18,50,43,8,1,15,12,35,1,2,16,9,4,0,4,10,11,42,48,0,14,0,5,2,4,0,5,5,0,0,51,25,6,0,31,1,24,125,1,2,44,18,0,4,178,34,103,0,50,0,5,24,52,3,1,10,17,0,3,1,3,10,41,41,0,17,31,11,47,0,5,2,2,5,21
"Cell992",0,32,1,9,3,41,1,0,6,1,41,50,0,16,23,13,22,5,0,23,3,16,0,1,4,20,13,51,0,19,1,14,0,6,2,8,4,1,0,29,42,2,0,12,4,22,148,7,5,47,12,1,12,179,21,125,1,48,0,8,25,64,1,11,14,28,0,11,1,2,6,23,27,0,31,46,5,20,0,9,0,0,14,29
"Cell993",0,29,0,15,5,34,2,0,1,19,54,44,0,0,39,5,35,3,3,36,6,19,3,1,2,17,15,88,0,7,1,15,1,7,0,10,7,1,0,34,38,2,0,47,0,14,111,1,6,47,6,3,4,182,17,87,0,39,0,17,25,64,0,3,5,24,0,5,1,2,5,38,52,0,31,44,5,21,3,10,0,0,18,24
"Cell994",0,48,1,11,4,36,4,1,0,4,44,55,1,2,23,14,26,0,0,12,7,15,1,0,4,19,7,42,0,5,0,7,0,2,1,11,12,0,0,39,35,4,0,26,0,16,131,0,3,57,11,2,0,253,6,108,0,46,0,5,25,71,0,2,9,26,0,2,1,1,7,25,38,0,17,51,12,33,4,10,2,0,16,17
"Cell995",0,71,1,12,2,44,2,0,3,26,91,36,0,15,36,9,19,5,3,38,13,31,5,0,2,31,47,83,0,6,0,4,1,4,0,13,3,13,1,50,50,2,1,48,2,54,185,4,5,115,28,8,3,329,35,153,0,69,0,15,38,59,2,0,16,36,0,15,7,3,15,116,53,0,22,62,23,49,3,12,10,3,15,32
"Cell996",0,60,5,21,3,33,3,0,4,18,62,58,4,16,28,14,20,3,5,15,11,11,2,1,3,13,23,96,0,13,0,14,11,9,1,5,3,1,3,46,56,7,0,50,2,32,156,2,2,60,27,4,7,273,24,92,0,70,0,8,33,48,8,4,8,22,0,3,10,3,6,94,77,0,30,83,25,33,1,13,13,3,27,17
"Cell997",0,21,1,18,0,25,3,0,3,20,16,55,0,4,29,6,31,5,2,16,3,14,2,4,1,28,33,69,0,3,0,10,1,9,1,1,4,1,0,28,25,2,0,35,2,20,88,1,2,74,9,2,7,246,30,69,1,46,0,13,20,53,0,0,17,24,0,8,0,5,7,52,40,0,39,62,12,19,7,15,4,0,12,11
"Cell998",0,48,0,16,17,58,1,0,2,22,45,41,0,3,28,17,40,3,1,21,5,27,2,2,0,31,39,94,0,12,0,10,6,8,0,3,6,3,0,59,68,3,0,39,9,53,210,0,11,87,9,6,2,441,22,153,0,76,0,4,45,88,5,5,8,34,3,17,4,0,23,74,46,3,50,85,39,50,5,12,3,0,21,34
"Cell999",0,29,2,7,0,29,0,0,11,17,47,41,1,6,22,3,18,0,1,17,6,12,2,1,0,11,24,47,0,7,0,7,1,4,0,6,6,3,0,53,36,8,0,23,5,21,153,2,3,31,8,5,5,245,17,75,0,50,0,5,28,34,2,0,5,28,0,2,0,2,8,57,36,0,30,41,10,25,0,10,13,0,8,19
"Cell1000",0,68,0,20,7,46,4,0,9,33,79,82,1,11,39,7,44,2,0,26,2,9,4,5,1,45,22,101,0,9,1,10,2,7,4,17,12,0,0,67,67,5,0,77,5,38,154,3,10,98,18,6,17,346,42,125,0,72,0,6,40,80,1,4,3,70,0,9,2,2,6,56,66,2,35,50,15,51,7,9,14,1,15,24
